-- Seed data using gofakeit/v7
BEGIN;

INSERT INTO users (id,name,last_name,username,email,password) VALUES  ('a04ecd53-7644-49ff-b00c-8b0868a19d05','Violette Tremblay','Daugherty','Brakus1148','demarioberge@kuhn.com','$2a$10$9GY5fLnGm0pLiB78SVTR9eGKjNjnvMMr9ilHF/NbI9RG.dSXf9Hte');
INSERT INTO users (id,name,last_name,username,email,password) VALUES  ('51a3c11e-2911-4a6b-894b-e05c61590180','Talon Wiza','Schmidt','Yost4661','buckhansen@ward.org','$2a$10$ELYX.NtiFNPuczE7cHmrSeABTalRwpQ7Y46GHPC391vRanFtOqGnK');
INSERT INTO users (id,name,last_name,username,email,password) VALUES  ('2b7223d3-ddd5-4096-b8b3-b058188b0b08','Dion Rau','Beier','Hyatt2849','moriahbahringer@fadel.io','$2a$10$TvoOItEcIvsNJwcDld9Id.2cXpelmQ.HiI4x1PoVwjsqGnzjFiLAu');
INSERT INTO users (id,name,last_name,username,email,password) VALUES  ('fd178272-9790-4512-8144-8904126b747d','Domingo Kutch','Mueller','Abbott9298','mathiasbergnaum@erdman.io','$2a$10$InpS881UaPGE3Pr.0ebL6.bFi3DwIX1ECDVy65Sb6rY92BKvOFB8y');
INSERT INTO users (id,name,last_name,username,email,password) VALUES  ('79bd994f-29bb-463e-9cf0-0023d3a5d1a5','Ona Ernser','Nitzsche','Goldner4492','amparofranecki@raynor.info','$2a$10$EPNzG5UPHOgg0zO05VQdxOlBZpZKZrIfqPNtQ1uRi1qQ6oEOE7h9W');
INSERT INTO users (id,name,last_name,username,email,password) VALUES  ('c31fbd23-384f-4a69-adc8-15f1e36bc161','Adolfo Huel','Kshlerin','Bernhard9100','destinyfadel@braun.net','$2a$10$Xxp3LOwWSue6bwsDHusSVu5CG58atk.6qIxyRUfVo2qczvy6khAGO');
INSERT INTO users (id,name,last_name,username,email,password) VALUES  ('f67f0ea0-2359-458d-82b7-23d7a5ff4c7b','Geoffrey Moore','Schneider','Block1732','citlallilakin@robel.com','$2a$10$yfIsqPvEmdZ0/ThaHQ7fFekw9ELh0PRbb5t47/WO4hfDW.AHylgfa');
INSERT INTO users (id,name,last_name,username,email,password) VALUES  ('9829ed68-1dce-437b-b46d-61e23a0ab3bb','Rex Senger','Lakin','Okuneva6798','adalbertorussel@hansen.info','$2a$10$p1ib/YbN7pJja7/bAm/N7eMGbaYvxZYH2he18sYJLqqd2f9K/m5aO');
INSERT INTO users (id,name,last_name,username,email,password) VALUES  ('8eebc2df-dfc7-4efb-bea3-95201918c23d','Roger Sanford','Ratke','Turcotte3989','odellreilly@fisher.net','$2a$10$fewfI.7Px9i/8DalBq.ufelWcQ5INZB6bj.RUOxNdanzPm.mrRX.6');
INSERT INTO users (id,name,last_name,username,email,password) VALUES  ('604cdae0-9f05-4604-b06d-8c3ee15780c5','Jeremie Hammes','Jones','Bogisich8387','jermaineleuschke@mann.info','$2a$10$OPw2hvE0lXJvzwSEgnvIQujKSc8jLG5pnAoP/6mAJCkD6q4L.t1Ii');
INSERT INTO users (id,name,last_name,username,email,password) VALUES  ('4bd5da30-9f84-4740-85ec-4cf28d5d390e','Stuart Predovic','Stanton','Greenfelder2995','adabeatty@bergnaum.biz','$2a$10$/8tOBwwbk0zs.CegCKi1P.v9LylJdt9/v96yvEFzBFYiaPaSkv83.');
INSERT INTO users (id,name,last_name,username,email,password) VALUES  ('4cfd0691-8d9e-4932-aca0-a2f48ef5ff28','Ayla Gutkowski','Robel','Harris7942','anikakreiger@klocko.org','$2a$10$kC8QcwxDPGAVC1J9OWuQeO5ojsiYePakFHH7plEu.6V3wkTEMgWb6');
INSERT INTO users (id,name,last_name,username,email,password) VALUES  ('7d79bf22-0970-4afb-8948-f824ef7c74a9','Annabel Waelchi','Lindgren','Kub2551','marshallcorkery@hansen.biz','$2a$10$LCOxz1K9EiYOTYkRWop0de8udTQwEhyvo3ikrGI/EhQx/yq027br6');
INSERT INTO users (id,name,last_name,username,email,password) VALUES  ('25bd37d1-daf8-4cfb-8812-b51575582a11','April Anderson','Rowe','Wehner5579','lilianerobel@white.info','$2a$10$yEXmjpqXf0wFw.WXlXM6K.TUq1man/wILjgVIew1kTy2Ez7iRwqGC');
INSERT INTO users (id,name,last_name,username,email,password) VALUES  ('218def2e-835f-42bb-ba49-df00dd498efa','Zachary Hilpert','Thompson','Mitchell5628','eunacorwin@barrows.info','$2a$10$UqDxftqCCaMdk4iDXeI00ObMOBfdwXo548msFm04wu0IVAzJIMRfu');
INSERT INTO users (id,name,last_name,username,email,password) VALUES  ('a2613ca5-09cd-4d74-b37c-fe1eed5a1289','Hailie Bergnaum','Dickinson','Kilback7193','kameronzboncak@wilkinson.info','$2a$10$zfsYoCABfmIEdQms8oWpA.V/vh8dHLlWX9zkD2pKUkuuORmvA8IOW');
INSERT INTO users (id,name,last_name,username,email,password) VALUES  ('79575547-6086-4685-9673-20378c709b86','Christian Abbott','Monahan','Stiedemann5629','antonettawuckert@rowe.org','$2a$10$uWw7OO1Zuk8qZHxnfDw.SekyY7vPgTTE5DbVhwto4Y6IlkdRgfVgK');
INSERT INTO users (id,name,last_name,username,email,password) VALUES  ('87b474d2-0ac4-4fd3-9264-f54274f2aa82','Jared Hirthe','Kuhn','McGlynn1791','soledadhahn@osinski.org','$2a$10$vE4AhtFspTVBxMm9GsmyquTOwIINuJJAVLW6XaIND7FET.kAnQZSq');
INSERT INTO users (id,name,last_name,username,email,password) VALUES  ('f165c02c-4ef9-46a7-af22-8bd6d949c38e','Clemens Ratke','Rohan','Crist5016','bufordrussel@turner.io','$2a$10$Dton3RRPjwuTePoAv/fny.hypSXN2qV0hhrgEh4vXQx61MU2UOYYS');
INSERT INTO users (id,name,last_name,username,email,password) VALUES  ('8aa49c75-9c45-41f0-b9ff-2f8230125c0c','Peter Kunde','Greenfelder','McClure8067','camrenhuels@runolfsdottir.net','$2a$10$DJBS2C.n/V4fVOyR2TGymOUz52wIYCpg2JVTodwnWuTICMAUORN5O');
INSERT INTO users (id,name,last_name,username,email,password) VALUES  ('0d74a50c-070a-452e-9a4e-42dec161540b','Andreane Maggio','Hilpert','Brakus7702','cedrickosinski@johns.org','$2a$10$ACDC5CUsrdLXmUyPfId8xux9p2b6fBsupBjWEzbZ7cTKOLe2/y4WO');
INSERT INTO users (id,name,last_name,username,email,password) VALUES  ('f9bd11de-9a18-4fe6-9d00-0d7c9dc2a7e0','Kiera Huel','Schinner','Dare2252','jeraldquitzon@dietrich.com','$2a$10$Ncg/canGBNITeHh5IL6hNOxxV4EQJ2uIVgpo6YELVM8QVo5v4o.tG');
INSERT INTO users (id,name,last_name,username,email,password) VALUES  ('bae27480-6d20-4a62-8742-91317d339ec9','Joshua Brakus','Homenick','Fahey7108','clemensmurazik@botsford.name','$2a$10$SsqXlZmDOxtgGaadHjpavuvOIHmzttjj39AS/8Vb6Wg2MxwZlAeGa');
INSERT INTO users (id,name,last_name,username,email,password) VALUES  ('df85b1fa-457e-407d-b4fa-01a9b33bc71d','Helena Rohan','Berge','Conn6537','ricowest@balistreri.com','$2a$10$ocq9Twh36UceJid835xMweB1P0fRWlkWh5CZ3RPgdsIciULG3Oh3a');
INSERT INTO users (id,name,last_name,username,email,password) VALUES  ('3d5291e3-099e-4562-b934-13a2de9163ed','Precious Mraz','Harvey','Durgan7996','juliannemurphy@bruen.net','$2a$10$M3njCO3Jj4W3IrBfR9yb2OLNjwtE1bSrP4G.iE9XHhyskWTgPoha.');
INSERT INTO users (id,name,last_name,username,email,password) VALUES  ('c73d0442-7281-423a-a835-67932639d586','Delphine Prohaska','Becker','Terry8917','bertrammoore@wisoky.net','$2a$10$LRUZ6iYECXgyGOkXD4.pmeeTjgcILmF0I/yP8Z4ob7yKjm//.9UUq');
INSERT INTO users (id,name,last_name,username,email,password) VALUES  ('07444b16-df5d-4b39-86d8-b8aaebe7ed4a','Grady Windler','Beahan','Collins8681','lenorerolfson@larkin.com','$2a$10$XOxjBO7wqhXxoQUNTDYyNevYzSYMrp/AougoDt5UBkjgjtL7.s5n6');
INSERT INTO users (id,name,last_name,username,email,password) VALUES  ('eb36bc2d-4045-474b-9a97-b088206e4673','Veda Wilkinson','Wisozk','Hettinger8195','nashking@witting.org','$2a$10$2k6bneohc3TKx/LfqK7AMeb4dV2kzqKr23hXMEoEucfQaKLSsxldK');
INSERT INTO users (id,name,last_name,username,email,password) VALUES  ('f17c68b8-4fc6-4d6e-8e75-378eaeb9889f','Immanuel Durgan','Haley','Lebsack8298','tristiankonopelski@ferry.io','$2a$10$ZN5a1Jy38GSqBuf/U/J4o.jRsYMUGGWXDR5S2WUeZeOu9NrS7wu4S');
INSERT INTO users (id,name,last_name,username,email,password) VALUES  ('1f305e8e-bfdd-4b2b-857f-a38101c930ef','Albina Schmidt','Kerluke','Cormier6759','devanbins@trantow.biz','$2a$10$iTXQs1/rswMRlR.892grsO1qcniHc6evnxP.hjgBbwAruQ9CR1HXi');
INSERT INTO users (id,name,last_name,username,email,password) VALUES  ('59f9d468-25de-45c7-914a-fa37c7f6056a','Oran Crist','Mayert','Haley2360','enriqueschumm@denesik.io','$2a$10$CKyIbwXvmMHGV.zmzG3cJO6aj3mP2aQMumtMiHkt37UOyNldkAFoa');
INSERT INTO users (id,name,last_name,username,email,password) VALUES  ('c00f2323-2cf3-4c5f-9e94-6416f46a8021','Howell Mraz','Waelchi','Swift5250','hunterblick@bartoletti.biz','$2a$10$jLlhz2LI0B.vgAI9i9gOz.e2oJ4/PrCj1QjQ/MrsQVchTs/vpp2Qq');
INSERT INTO users (id,name,last_name,username,email,password) VALUES  ('c2e1e51a-d97e-4db0-a415-041f243a33b1','Maude Simonis','Herman','Willms3191','jaylonrogahn@klocko.net','$2a$10$Ga79baV8YKf68R4DdMAMheGnUgUrWiIF8YsQRI1c.romoy5Q6OHqy');
INSERT INTO users (id,name,last_name,username,email,password) VALUES  ('35802b18-5650-45ae-9960-2de3044abbcb','Newton Sanford','Bode','Krajcik4896','laurynhoppe@littel.biz','$2a$10$w.Q2kt0LPE0k4c/JxBiaN.4W8HPGUvBPIrBBJANQQngmAaVUY5nom');
INSERT INTO users (id,name,last_name,username,email,password) VALUES  ('11afcf26-3348-49c9-a88f-59b5d35cd061','Royce Daniel','Dach','Botsford1150','carolineframi@white.info','$2a$10$KAZu8JErEsLKYjvmTzVnkeJzCcf/8.dJxQyfiAorRBGTH/4.YLM6W');
INSERT INTO users (id,name,last_name,username,email,password) VALUES  ('2122271a-a4ee-4c45-ad90-5363bc73abe2','Griffin Russel','Kohler','Beer2013','staceylindgren@jewess.net','$2a$10$8lF5Dcr5l/fgSEilMoVIpuW65FiXJtR.3miO7RQx7nFo2AYbdsMxS');
INSERT INTO users (id,name,last_name,username,email,password) VALUES  ('8f6edc63-e5f2-49e3-8c7d-b1264c5876fb','Nathanial Koss','West','McCullough6716','dewittmarks@bashirian.io','$2a$10$b18pPmPbEpY3.qMtDh0EO.kah4GU.c4jhrLO/ROiIjiyO8zyOzh8C');
INSERT INTO users (id,name,last_name,username,email,password) VALUES  ('3338b1ac-ba38-4d21-983e-23187d6bb39f','Guiseppe Batz','Beatty','Bednar3272','jodylebsack@nienow.io','$2a$10$3cCeK6aj3PvX/33G8XxaxujmGdZ9bS9KpIai0EN9mDO8/iBVK6w2m');
INSERT INTO users (id,name,last_name,username,email,password) VALUES  ('32ae194a-76d4-448f-9e1b-8c0aefd34ad5','Lizzie Cummings','Kuhic','Harris6630','guidorunolfsdottir@halvorson.com','$2a$10$KH7LneyOSzYvyMZl2RLMrOMMYep1/oNR5IpTUGNORJg3ioNNu3O1W');
INSERT INTO users (id,name,last_name,username,email,password) VALUES  ('3acb1c3f-0cae-42df-82d7-4009c1c7354e','London Hamill','Hegmann','Feest6472','blakebradtke@keebler.net','$2a$10$AEjB6hkIiBaASbkBrH.7LuqsoaL3O6pFe6STlqZ66DzTfqS1JHH9W');
INSERT INTO users (id,name,last_name,username,email,password) VALUES  ('1e091407-a001-4633-9aa6-8d802b4d277d','Napoleon Hills','Mertz','Roob6243','rociokoch@kertzmann.biz','$2a$10$P4PW4HLmrjhbVOQ05MYXy.BOQhtOjdmEfthBw03UL9Jr0k7fVrEtu');
INSERT INTO users (id,name,last_name,username,email,password) VALUES  ('2b86c6f3-b58a-4bef-9e4e-d26395142779','Lisandro Goyette','Hand','Harvey6258','lukashyatt@murphy.info','$2a$10$chkb1Rg.0iwj75Mxcfs5wOTPHFeU8gCnQN4GTTfX06Zqd3si19uqW');
INSERT INTO users (id,name,last_name,username,email,password) VALUES  ('8a9323b2-dfcd-4688-8127-8ec76b8009dc','Florian Christiansen','Stokes','Huel1733','rupertcole@cormier.com','$2a$10$uMcxyGzQlL3Dchd0HPnE5uPX32EJxLAibtTDu1.P5uazWBpmqQ98u');
INSERT INTO users (id,name,last_name,username,email,password) VALUES  ('54aadc77-19b0-4ffb-bfa2-972ca8a4db3b','Nestor Kertzmann','Turner','Mertz2836','amirgleason@west.net','$2a$10$1npVpPFCIWL3vf64.6LLM.RDO2vRmEoyJMAJSgoIcOUYLHQcluMV2');
INSERT INTO users (id,name,last_name,username,email,password) VALUES  ('47ef8447-5f6a-4ac7-8956-d6a081b34138','Rudy Howe','Vandervort','Blanda4516','brionnaturner@franecki.biz','$2a$10$H.O5fdJB1q9PlfEVwk9zAeUk5KPZY4DY4YgQtLtcpPAA0Tft0nVVC');
INSERT INTO users (id,name,last_name,username,email,password) VALUES  ('adf46ac5-51b3-46d6-9701-cbebd5a6c41a','Marques Schumm','Pfeffer','Kassulke9733','albertoweissnat@dickinson.com','$2a$10$WuP9Hm4W4Xnu8q6st602du5XOPYMrenSEbreR2himo5YjwSrZdEf2');
INSERT INTO users (id,name,last_name,username,email,password) VALUES  ('0130a0a7-d0b4-42fe-b036-ec64aea86fe2','Shanna Grimes','Schinner','Hyatt7422','fanniecarroll@leuschke.name','$2a$10$BL9Lys8vxn.hwHaPdm2LZeZMoc4UReVrnmD3gS/GmakLqcfUmIK6e');
INSERT INTO users (id,name,last_name,username,email,password) VALUES  ('365c696a-9d55-4f2b-acf4-a4d99c8031df','Pink Borer','Greenfelder','Yost2971','howardkerluke@von.io','$2a$10$Fhs8xuZyDRPvXChKT/tZuuTO0sfCavcfj8hXmJfttFqMHBQbj2VJ.');
INSERT INTO users (id,name,last_name,username,email,password) VALUES  ('a74e8fe8-9b7f-4cbb-abd2-806af7316668','Jarrell Kulas','Cruickshank','Johns2399','alvenabernier@crooks.io','$2a$10$Zp1d1OUOrquRF9Sr6hmWR.Q8mqke.VLO5s5tYh3B1MuO1sGr37j9a');
INSERT INTO users (id,name,last_name,username,email,password) VALUES  ('01bc846e-95de-4a62-9eb8-f4346e4945b1','Christ Berge','Spencer','Kreiger2426','daynabecker@rippin.info','$2a$10$nrun2nAyv..IaAiqGQooNOAU5azMuS0oCd8PJ76YIuaWuwT9jRmZO');
INSERT INTO users (id,name,last_name,username,email,password) VALUES  ('7d639d96-1332-4536-884a-9e3338f8b968','Elbert Hoppe','Kerluke','Champlin1130','vernerrunte@kuhlman.org','$2a$10$20mrggst1wG5kFdRpizdNOepGkYXudXk9PXfK8V3naQ26gJHlhAoi');
INSERT INTO users (id,name,last_name,username,email,password) VALUES  ('ba8afd8c-5dd5-4cd3-afec-73e0bd3d8176','Eino King','Monahan','Crooks7302','lazaromonahan@mcglynn.org','$2a$10$7KjTksosxHhSRlzO4X3/ZOBvW7BvBWsc9OqdX/mSgAx8ZXaDrp7b6');
INSERT INTO users (id,name,last_name,username,email,password) VALUES  ('409884ab-d588-449b-9371-f239c9b98977','Moises Huel','Farrell','Hermiston5957','wilfridpadberg@schulist.name','$2a$10$Pawk0PurL9/RnerhD1aR9utZQ4e8.II2JSlBTzpaknEdKbkH27fia');
INSERT INTO users (id,name,last_name,username,email,password) VALUES  ('fd635991-9ac0-458d-9ead-90d3a82b7382','Ramon Larkin','Bechtelar','Labadie1895','mossielynch@bailey.net','$2a$10$bXBXygG0OizClEQmU17b.u0k474tcUIkuILkTFj3SCWgPcwWrVHvK');
INSERT INTO users (id,name,last_name,username,email,password) VALUES  ('c05471b0-68f1-46f0-a3e5-82d6b24cbc54','Rachael Klocko','Lehner','Runte5071','clementinawintheiser@cormier.com','$2a$10$ZlFx0sY2HfCV0QGRlD0riuBNKyapNhJDgBsNc4S1ey9O/HnMSAFci');
INSERT INTO users (id,name,last_name,username,email,password) VALUES  ('b6cb85a5-5d27-4d11-98db-25a0c57389ba','Tevin Wilkinson','McLaughlin','Hudson4767','georgetteschulist@moore.name','$2a$10$iUUgZPGDmLF3XzYtIrGZK.inaj5H48Hb/KgG3PsX4FqWSqOSKe2sK');
INSERT INTO users (id,name,last_name,username,email,password) VALUES  ('c7d8a4d9-ab23-4294-bf72-d42707a72858','Allie Schmitt','Gerhold','Johnson8818','aldenwalker@kohler.biz','$2a$10$u3ihcOidhrOGl2s1U2.a4.Q8t/0i.b/eg.bzauR9a9MEGpN/fS1ha');
INSERT INTO users (id,name,last_name,username,email,password) VALUES  ('f6602d7b-d257-47d3-be91-05f95e1909f9','Myron Fisher','Blanda','Donnelly4932','joywelch@metz.net','$2a$10$otSpL2594JbY8PHetSpBQO6P.3xK4dAL94Vd914v026gi4.Pbrdy6');
INSERT INTO users (id,name,last_name,username,email,password) VALUES  ('817e006f-8b9e-4a1b-a132-d37b64cf3192','Hollis McKenzie','Nienow','Turcotte6324','lavonaltenwerth@shields.org','$2a$10$7pH1QEAgZO7QoQZPudLVUuQV4UVAFPlNSsnhq9oRtPqN0OXYyY6m6');
INSERT INTO users (id,name,last_name,username,email,password) VALUES  ('cf7ee55d-daf7-48c8-8067-2e7e22a7caa7','Percival Buckridge','Legros','Thiel6448','kariledner@simonis.name','$2a$10$AKF6EH19LC8V0WxgkhZT8O9DhzNrOjX4slHAeB9BKQncDfJ8IZlgO');
INSERT INTO users (id,name,last_name,username,email,password) VALUES  ('0a8649a0-a9e0-4272-a919-03b3db774794','Alize Dickinson','Hahn','Thompson8396','karinemills@jerde.name','$2a$10$zMQVUuOGz.yNH.o3Vz0zRu6GGRoSFqtV.wcif/ceUY4TQEyFqBCSi');
INSERT INTO users (id,name,last_name,username,email,password) VALUES  ('f5b7f836-6c78-4a2f-b19e-f74960851b2e','Bret Gutmann','Ernser','Erdman5601','kelsiehammes@harris.org','$2a$10$aazBDXuL0RxeXmBp.2TZ9Op5FV3.4dyEW5oqMr7IimRF9DTYXSbka');
INSERT INTO users (id,name,last_name,username,email,password) VALUES  ('4810d8f5-3378-4410-ad9f-a71c926de949','Chase Huels','Keebler','Rogahn8212','orlojaskolski@smith.name','$2a$10$locZAp4cLNExNJNch83J6.irzjzCCdkqBR2LG.vXWowtLC5uCcO0K');
INSERT INTO users (id,name,last_name,username,email,password) VALUES  ('31260ed2-d2b6-404c-82af-045910539ea0','Haven Gulgowski','Beier','Powlowski2809','angelinemckenzie@cruickshank.org','$2a$10$Ie8oGWGa540zU2DLs2ohfeUU3Z/xqi0QMuayJBAp2L0MtJgtC1jvq');
INSERT INTO users (id,name,last_name,username,email,password) VALUES  ('0176e07e-adef-479e-9e18-1e0dd0b008ed','Uriel Bradtke','Bahringer','Jenkins9063','lexusgrady@schumm.biz','$2a$10$7CAO3dXa6Q0YnX0XqdybzuAk09Ot9BTRZsQFG45YKOgJhYfXPKGY2');
INSERT INTO users (id,name,last_name,username,email,password) VALUES  ('74a3e3e9-af36-4878-b2fd-d9f4599047b7','Macy Zboncak','Hettinger','Bergstrom4937','wilmabeahan@turcotte.name','$2a$10$Z5dADGBydKJqiDkHV.bp8ucgzjFm29WW2LKgmgPiMC8CPyiPbZW9W');
INSERT INTO users (id,name,last_name,username,email,password) VALUES  ('fcbc592b-212e-4997-a2fe-f5cfd3aebfab','Hettie Cummings','Koelpin','Armstrong4872','lauriannehalvorson@stamm.biz','$2a$10$4zCirjq.U8UmWE3XzDCVU.x4TMugLdRXcxp9ApLPDBXb.2HAMuUca');
INSERT INTO users (id,name,last_name,username,email,password) VALUES  ('fb39f665-1194-46dc-9b73-2f1a25315769','Kaya Shanahan','Gottlieb','Franecki7982','colebeatty@schultz.io','$2a$10$qx7W8Wrg9OmRxHu1J4qEVOxmzq15jbU2i.Gao.Dy9J/Aat3X3sLFe');
INSERT INTO users (id,name,last_name,username,email,password) VALUES  ('52721044-d905-4607-9385-2b0994d1ef4b','Larissa Deckow','Abshire','Parker4738','carmenbradtke@lemke.org','$2a$10$QyMF3tu75tJS9qkCLNmmZOGTm1FN1BeOkp.EEougkh7CYow/99.kO');
INSERT INTO users (id,name,last_name,username,email,password) VALUES  ('14413deb-91f6-4119-b335-4f9b89b4a465','Juanita Schumm','Turner','Runolfsdottir1301','felicityquitzon@reichel.org','$2a$10$iOr37CZkXGvyULZf4fcBFOBuIaeLo/gQllILh3EtRgHbpVxARMF32');
INSERT INTO users (id,name,last_name,username,email,password) VALUES  ('7b8129dd-d05b-4cf0-88e4-a6fbd054c63d','Hilton Doyle','Waelchi','McCullough9846','joshuahgrimes@haag.name','$2a$10$F1Xj25TTVo/xFDCwcl/JtObb7id7CvLERTsbJ8tMYgs55vFF0p3TS');
INSERT INTO users (id,name,last_name,username,email,password) VALUES  ('06b72aa3-25bd-4871-a93c-4f7661d327d7','Eusebio Pouros','Dietrich','Rutherford2345','lorinebalistreri@gutkowski.org','$2a$10$RDZ6zP0Esqseb0lnJkd64uLTne129ukAElKZ4coIDyUN3k051ljUS');
INSERT INTO users (id,name,last_name,username,email,password) VALUES  ('2c37a9a8-680d-497f-8e75-5bb7c6b7e1c8','Brooks Rutherford','Kris','Ortiz2233','benedictkris@glover.info','$2a$10$Lh6r/c52Kt7X0pbe99sNvexlRdMVD.c4zTwFCutaV1ZgUSl0dZpIK');
INSERT INTO users (id,name,last_name,username,email,password) VALUES  ('0c2d0964-8640-42d4-811a-8b95799f5277','Zane Pfannerstill','Greenfelder','Medhurst5419','yasmeendavis@morissette.org','$2a$10$aBM2F5CfzDuzsKQPjSWjouQ0uVC05Li2vFxyBFhalFYZn7U4a4Eoa');
INSERT INTO users (id,name,last_name,username,email,password) VALUES  ('bc4b3809-2412-494c-b92a-027abd058fc4','Dillon Kuphal','Schroeder','Eichmann4337','vergieortiz@osinski.biz','$2a$10$SeInuzOEr.BAjEXV2xr6kebGPfz6RSSRbcaFFpm3hzIazaJtBTY6O');
INSERT INTO users (id,name,last_name,username,email,password) VALUES  ('b132cd79-38e0-4450-b8cd-6b40c6b0cedd','Maximo Altenwerth','Dickinson','Klein7633','gastonlockman@hintz.io','$2a$10$Fau658s6wgAM35ZKfAQv4.YqJBL2AwCpsPOlix6iXe3ETW6Z9x9t2');
INSERT INTO users (id,name,last_name,username,email,password) VALUES  ('bf7d2d30-5d6f-4981-8ef1-af7fc3b8e8b2','Shanon Reichel','Cremin','Waelchi3901','alenabartoletti@marvin.biz','$2a$10$OOblo.8gy8Rvr2q3d8UqV.jE4jDHUYsStlyp3cmHqYZrSCRIi3.W6');
INSERT INTO users (id,name,last_name,username,email,password) VALUES  ('81f097e2-7056-490c-bb8e-7258f52bc7d6','Valentina Reichert','Carroll','Watsica6746','justenswift@stark.biz','$2a$10$8EuXFA5tONKa6nTD/e5zE.n9NGt.vFQpCsFCDUNkC8fW71QPLFc6O');
INSERT INTO users (id,name,last_name,username,email,password) VALUES  ('3fd444a9-2a42-4337-8397-1b8507afc26f','Madisen Leannon','Feest','Kessler7917','laneymueller@runolfsdottir.name','$2a$10$jnSH5mMJKJCMFDf9sPy4DOb2lBpO.3Yd25PMStYVhWcAtm9Wdy89O');
INSERT INTO users (id,name,last_name,username,email,password) VALUES  ('9b4f2e20-976c-4ef4-b12d-85974af41ce4','Seth Pagac','Von','Shanahan9901','blaisetorp@casper.com','$2a$10$SrZki5iKO2oB9C2ZFFv2ceDCYthIcn2lLyzFkAsm2W..UOkt.NaVq');
INSERT INTO users (id,name,last_name,username,email,password) VALUES  ('a3f6e9d0-04a0-46aa-ae05-49de3d8739c3','Brent Will','Farrell','Sawayn2370','dakotatowne@hand.com','$2a$10$0/NlwcJSz9Uj6MnzWY9kVezat5JieRVLJSwcW4n5EUjryXz.UJZ3e');
INSERT INTO users (id,name,last_name,username,email,password) VALUES  ('f34f3462-72f6-4806-beed-4c1ee3097f67','Rachael DuBuque','Erdman','Johnston3233','eleanorarohan@fahey.name','$2a$10$vXvyUbGESvcTEcasHOtZWe462CjzT8XZgcDRkTHIdqiEilE6KP.OW');
INSERT INTO users (id,name,last_name,username,email,password) VALUES  ('9d4ec369-10c0-4f9b-a241-e3adee9f729a','Muriel Medhurst','White','Reynolds1764','quentinrolfson@sawayn.biz','$2a$10$2dQFQdhQJjSTx1W0Td.e3eVwBa2sOunNY11KQZIAkT26XTNiqBCIS');
INSERT INTO users (id,name,last_name,username,email,password) VALUES  ('98e172e5-3672-481b-87e3-f48df7c13983','Carter Morissette','Stoltenberg','Schulist7627','genesisfadel@schulist.info','$2a$10$nYXh0VAIH1iF2qgU6lR0vO8iOlUEcvPNrGmVF/j2X89h.lgXiXCSG');
INSERT INTO users (id,name,last_name,username,email,password) VALUES  ('729745bc-486f-4eae-a34c-e943d727b6c6','Kristofer Davis','Bernhard','Maggio6376','micaeladavis@walsh.org','$2a$10$FIvOSIEoofH86u/0kvrIm./1rZhaqZKk74TUa1elQBLJ4eDULF0ja');
INSERT INTO users (id,name,last_name,username,email,password) VALUES  ('ae9123ae-7a6d-4f18-bf4b-791728588d2c','Stanford Corkery','Bernier','Ebert3859','orarenner@conn.net','$2a$10$X/19p2YAaZ7O9QOGqBqQeOsBL9JazJI2HQHzdMf1gwn6fWsD9Znei');
INSERT INTO users (id,name,last_name,username,email,password) VALUES  ('9e40a1b4-b987-4fd8-9449-010850bef5bc','Griffin Moen','McClure','Hermiston7437','daijagreen@walker.name','$2a$10$45ttrDexIOkYYVz/76AfFO4PU1N5lVzCodaSv4GuVBVHyaLixtd3.');
INSERT INTO users (id,name,last_name,username,email,password) VALUES  ('967d20b0-7c66-4465-80a2-b52b4f246ef8','Fredrick Hettinger','Bogan','Murphy8160','skylaweissnat@effertz.name','$2a$10$/XKInIzufUCiHlCl6aZKhOxhNCG.oHDAxLi3R1rUxWU37hITbsPIC');
INSERT INTO users (id,name,last_name,username,email,password) VALUES  ('d84384de-d807-4365-a894-d8101753e266','Erik Runolfsson','Heathcote','McLaughlin3237','lavonjohnston@mills.com','$2a$10$kylO6ujBtI7kfOYxKKSwEeCTJV3HRVzt6EqBHC/GWNpz0XHrviqMW');
INSERT INTO users (id,name,last_name,username,email,password) VALUES  ('e9319ef7-dd5d-4775-ac61-0557edd91e84','Gaetano Mills','Koelpin','Erdman4146','lillianward@abernathy.name','$2a$10$EanJHha.1hW8xYgBvwIXnuRKshCqSDEFFP8n2NAqsas3GwRZXQOBO');
INSERT INTO users (id,name,last_name,username,email,password) VALUES  ('2e66d94e-49d7-4d9d-9edb-f1e3270bd972','Marianna Mitchell','Moore','Krajcik1064','carliaufderhar@jerde.biz','$2a$10$AzIDqlQhL8gC41qkb6VSUOyw.lgGshZZKDKU.EGRyJywvYVA1ieyi');
INSERT INTO users (id,name,last_name,username,email,password) VALUES  ('9d43a9b4-f60a-497b-ad16-4ac0a642fe27','Dorthy Koepp','Goodwin','Huels3818','jeffrywalker@bosco.io','$2a$10$.atydm9Za9kxjMkFpcy0Quah0VNchUoBJ2JsxoYqeX0zwJ4qxPYHi');
INSERT INTO users (id,name,last_name,username,email,password) VALUES  ('226e1d62-84ab-4b70-bcd1-ca308631b0d8','Lilian Kertzmann','Conroy','Frami8826','alexandriamurazik@vandervort.net','$2a$10$TvvnUxEIkNBWPwq3RbPwyun8vwsAqk6H8ThOe.gAGabewiPmWXhHG');
INSERT INTO users (id,name,last_name,username,email,password) VALUES  ('3c0d77aa-c534-417c-8a5e-59ca07009586','Rosina Kub','Jast','Schuster5704','raleighklein@kling.net','$2a$10$bywH8KEHrD9wPxJYPmkic.uj4HPIHWJdIFVTiXivwq7BKOdEymqJS');
INSERT INTO users (id,name,last_name,username,email,password) VALUES  ('9218afb5-cd23-45d2-ae54-706580bd53ef','Mohammad Waelchi','Weber','Crona7327','oringutkowski@heaney.net','$2a$10$wlTA7z.tjw/kOzgZUy03tORvI8l9WON.DDAbqpb5g2D7NVOJP/f6u');
INSERT INTO users (id,name,last_name,username,email,password) VALUES  ('6cca8602-a9e5-4e8c-b607-8ea96bf2a501','Makenna Monahan','Weber','Wehner7876','maybellcassin@bergnaum.name','$2a$10$eiz99znadcAEcVIFJwlfjeexfBvqiWn0KcnqrfzN6UfBZDr9uGsPW');
INSERT INTO users (id,name,last_name,username,email,password) VALUES  ('11395919-5d92-4053-8a5f-2529d521e660','Rusty Marvin','Dibbert','Hyatt3499','luzlittel@bergnaum.io','$2a$10$QSUysC4jq9YlQF/aq2KAH.iWflG73crAb4Z3PcTRBE9xFfIpvdG.2');
INSERT INTO users (id,name,last_name,username,email,password) VALUES  ('8096896e-8483-4a6d-b4b9-0695cdee4512','Brody Feest','Sipes','Gottlieb8431','isabellkunze@schuppe.org','$2a$10$6tL5Tx9xV8y.tpEkJFE88enDVMxiqM5Ag7hz8wYBF/hBbdddj3gwm');
INSERT INTO users (id,name,last_name,username,email,password) VALUES  ('f44d3c05-5b3c-45ae-b968-98adaa86bf67','Carlos Brekke','Prohaska','Wehner6417','elmojakubowski@weimann.name','$2a$10$IucD7uhQsKZQnLN.RUPvvuYBjzze43m9QDBhlksQtJyIPs2S17IU6');
INSERT INTO users (id,name,last_name,username,email,password) VALUES  ('14afe3aa-23f9-4308-80b0-caa824e522bb','Alexzander Hintz','Davis','Daniel5081','bernicepfeffer@padberg.com','$2a$10$zqkWzTUeVIXfRp11wFh75u3SfQATz9QLoThEtin8IGcpDB7d5NpR6');

INSERT INTO follows (id,user_id,follow_id) VALUES ('72dd4dd6-2de5-45cc-b12f-262d1a5ab426','b6cb85a5-5d27-4d11-98db-25a0c57389ba','74a3e3e9-af36-4878-b2fd-d9f4599047b7');
INSERT INTO follows (id,user_id,follow_id) VALUES ('1360a4ec-0aa6-4976-8a87-5ff9df9963dd','79bd994f-29bb-463e-9cf0-0023d3a5d1a5','8a9323b2-dfcd-4688-8127-8ec76b8009dc');
INSERT INTO follows (id,user_id,follow_id) VALUES ('6beb27e7-c6b3-4df7-8bf8-1d0d95b29059','54aadc77-19b0-4ffb-bfa2-972ca8a4db3b','74a3e3e9-af36-4878-b2fd-d9f4599047b7');
INSERT INTO follows (id,user_id,follow_id) VALUES ('5d39b28e-6d38-406e-a136-32b18c4b08fc','fd178272-9790-4512-8144-8904126b747d','14afe3aa-23f9-4308-80b0-caa824e522bb');
INSERT INTO follows (id,user_id,follow_id) VALUES ('8c76249b-4bbb-4910-a664-63747cd869d8','0176e07e-adef-479e-9e18-1e0dd0b008ed','98e172e5-3672-481b-87e3-f48df7c13983');
INSERT INTO follows (id,user_id,follow_id) VALUES ('4ee677a0-ff9a-4427-b53c-3358ac4f503c','df85b1fa-457e-407d-b4fa-01a9b33bc71d','35802b18-5650-45ae-9960-2de3044abbcb');
INSERT INTO follows (id,user_id,follow_id) VALUES ('60fc8af4-6203-49ad-a3b6-fc53f99224fd','365c696a-9d55-4f2b-acf4-a4d99c8031df','25bd37d1-daf8-4cfb-8812-b51575582a11');
INSERT INTO follows (id,user_id,follow_id) VALUES ('24996851-bdb0-4a0a-8e03-bdcd3c3c6b9a','8aa49c75-9c45-41f0-b9ff-2f8230125c0c','f165c02c-4ef9-46a7-af22-8bd6d949c38e');
INSERT INTO follows (id,user_id,follow_id) VALUES ('e4a5cfc1-bc23-4918-84da-8f171680d04d','b132cd79-38e0-4450-b8cd-6b40c6b0cedd','eb36bc2d-4045-474b-9a97-b088206e4673');
INSERT INTO follows (id,user_id,follow_id) VALUES ('ebd2515e-1522-406f-aede-cfb3a356a32c','a74e8fe8-9b7f-4cbb-abd2-806af7316668','8f6edc63-e5f2-49e3-8c7d-b1264c5876fb');
INSERT INTO follows (id,user_id,follow_id) VALUES ('1efe6122-c925-4f91-a5a0-8f99e078bb89','f5b7f836-6c78-4a2f-b19e-f74960851b2e','e9319ef7-dd5d-4775-ac61-0557edd91e84');
INSERT INTO follows (id,user_id,follow_id) VALUES ('66a3d67e-1263-4395-85d5-8d6b028cffb5','f9bd11de-9a18-4fe6-9d00-0d7c9dc2a7e0','4cfd0691-8d9e-4932-aca0-a2f48ef5ff28');
INSERT INTO follows (id,user_id,follow_id) VALUES ('e24dc429-5288-4afa-8140-acaa846fc66a','3338b1ac-ba38-4d21-983e-23187d6bb39f','9e40a1b4-b987-4fd8-9449-010850bef5bc');
INSERT INTO follows (id,user_id,follow_id) VALUES ('217917e2-2c54-4934-b557-f321d2a73dcc','fcbc592b-212e-4997-a2fe-f5cfd3aebfab','7b8129dd-d05b-4cf0-88e4-a6fbd054c63d');
INSERT INTO follows (id,user_id,follow_id) VALUES ('fdd0b45c-03d4-47bf-8614-776a4036bc61','87b474d2-0ac4-4fd3-9264-f54274f2aa82','25bd37d1-daf8-4cfb-8812-b51575582a11');
INSERT INTO follows (id,user_id,follow_id) VALUES ('d7f14586-be62-464f-998a-23f707961461','0a8649a0-a9e0-4272-a919-03b3db774794','14413deb-91f6-4119-b335-4f9b89b4a465');
INSERT INTO follows (id,user_id,follow_id) VALUES ('e70c9225-4468-4b52-a830-9901d2a4771d','4cfd0691-8d9e-4932-aca0-a2f48ef5ff28','81f097e2-7056-490c-bb8e-7258f52bc7d6');
INSERT INTO follows (id,user_id,follow_id) VALUES ('a5442491-04b2-41f4-99c4-a3fe4dfb1a76','f9bd11de-9a18-4fe6-9d00-0d7c9dc2a7e0','7d79bf22-0970-4afb-8948-f824ef7c74a9');
INSERT INTO follows (id,user_id,follow_id) VALUES ('c2ea6218-f0a3-416a-aa46-864e1b48d6b2','b132cd79-38e0-4450-b8cd-6b40c6b0cedd','11afcf26-3348-49c9-a88f-59b5d35cd061');
INSERT INTO follows (id,user_id,follow_id) VALUES ('f4d94621-2627-4a3a-9d22-b9efb504171b','f9bd11de-9a18-4fe6-9d00-0d7c9dc2a7e0','c05471b0-68f1-46f0-a3e5-82d6b24cbc54');
INSERT INTO follows (id,user_id,follow_id) VALUES ('405e4aac-7143-4c8e-8760-58a0d03357f1','fd178272-9790-4512-8144-8904126b747d','365c696a-9d55-4f2b-acf4-a4d99c8031df');
INSERT INTO follows (id,user_id,follow_id) VALUES ('245205ab-5427-4145-ad1b-6d23466c261e','fb39f665-1194-46dc-9b73-2f1a25315769','0d74a50c-070a-452e-9a4e-42dec161540b');
INSERT INTO follows (id,user_id,follow_id) VALUES ('42a3357a-da62-4609-85ec-6952d384cc97','c73d0442-7281-423a-a835-67932639d586','604cdae0-9f05-4604-b06d-8c3ee15780c5');
INSERT INTO follows (id,user_id,follow_id) VALUES ('1c76ef1d-e81a-4032-bd60-3f398b8da5b4','a74e8fe8-9b7f-4cbb-abd2-806af7316668','01bc846e-95de-4a62-9eb8-f4346e4945b1');
INSERT INTO follows (id,user_id,follow_id) VALUES ('45512219-7020-409c-8c73-3082dcc70c99','b6cb85a5-5d27-4d11-98db-25a0c57389ba','c31fbd23-384f-4a69-adc8-15f1e36bc161');
INSERT INTO follows (id,user_id,follow_id) VALUES ('7560577c-f734-48f4-9de2-39547545bb14','52721044-d905-4607-9385-2b0994d1ef4b','0130a0a7-d0b4-42fe-b036-ec64aea86fe2');
INSERT INTO follows (id,user_id,follow_id) VALUES ('5c8368f2-08f4-4326-9659-e3409bb6d0b8','fd635991-9ac0-458d-9ead-90d3a82b7382','0d74a50c-070a-452e-9a4e-42dec161540b');
INSERT INTO follows (id,user_id,follow_id) VALUES ('e05005fa-587e-4c99-98f2-68cd4f60be81','f44d3c05-5b3c-45ae-b968-98adaa86bf67','9d4ec369-10c0-4f9b-a241-e3adee9f729a');
INSERT INTO follows (id,user_id,follow_id) VALUES ('57519730-5b15-4f61-9a8c-8a846af96d24','74a3e3e9-af36-4878-b2fd-d9f4599047b7','98e172e5-3672-481b-87e3-f48df7c13983');
INSERT INTO follows (id,user_id,follow_id) VALUES ('beb4c9d4-c8f0-4986-83fe-d5af57797fc8','2c37a9a8-680d-497f-8e75-5bb7c6b7e1c8','7b8129dd-d05b-4cf0-88e4-a6fbd054c63d');
INSERT INTO follows (id,user_id,follow_id) VALUES ('a315bf6d-98bc-4b16-8b46-21c00088f4c3','3fd444a9-2a42-4337-8397-1b8507afc26f','2122271a-a4ee-4c45-ad90-5363bc73abe2');
INSERT INTO follows (id,user_id,follow_id) VALUES ('a9d794fd-9f1c-4e05-81c3-ac6ac99dc57b','d84384de-d807-4365-a894-d8101753e266','f165c02c-4ef9-46a7-af22-8bd6d949c38e');
INSERT INTO follows (id,user_id,follow_id) VALUES ('3af2f86e-e833-4c8d-a077-360ecd6ea566','b132cd79-38e0-4450-b8cd-6b40c6b0cedd','2122271a-a4ee-4c45-ad90-5363bc73abe2');
INSERT INTO follows (id,user_id,follow_id) VALUES ('67152706-6c17-4988-9601-aa891dd41005','11395919-5d92-4053-8a5f-2529d521e660','fb39f665-1194-46dc-9b73-2f1a25315769');
INSERT INTO follows (id,user_id,follow_id) VALUES ('b180ebd5-e467-4385-ba8e-e35b35e8847e','fd178272-9790-4512-8144-8904126b747d','f165c02c-4ef9-46a7-af22-8bd6d949c38e');
INSERT INTO follows (id,user_id,follow_id) VALUES ('7a77400f-3eaa-4979-85ca-b8f1018acfaa','f17c68b8-4fc6-4d6e-8e75-378eaeb9889f','9829ed68-1dce-437b-b46d-61e23a0ab3bb');
INSERT INTO follows (id,user_id,follow_id) VALUES ('3ba32182-4297-4494-b5b2-df6ee1bdcb08','54aadc77-19b0-4ffb-bfa2-972ca8a4db3b','7d639d96-1332-4536-884a-9e3338f8b968');
INSERT INTO follows (id,user_id,follow_id) VALUES ('42be60af-9b77-4c90-8f4a-9db6ad05b056','3fd444a9-2a42-4337-8397-1b8507afc26f','2b86c6f3-b58a-4bef-9e4e-d26395142779');
INSERT INTO follows (id,user_id,follow_id) VALUES ('531cfa39-8b3d-493a-b360-446e283b8360','4810d8f5-3378-4410-ad9f-a71c926de949','365c696a-9d55-4f2b-acf4-a4d99c8031df');
INSERT INTO follows (id,user_id,follow_id) VALUES ('c4ad48b4-5f03-4c98-8965-6ac9cb11cdf9','409884ab-d588-449b-9371-f239c9b98977','01bc846e-95de-4a62-9eb8-f4346e4945b1');
INSERT INTO follows (id,user_id,follow_id) VALUES ('64b07ac3-4984-432a-9b03-6caf08826132','0130a0a7-d0b4-42fe-b036-ec64aea86fe2','3c0d77aa-c534-417c-8a5e-59ca07009586');
INSERT INTO follows (id,user_id,follow_id) VALUES ('c3de3a97-5478-411d-a77e-c71fc845f202','54aadc77-19b0-4ffb-bfa2-972ca8a4db3b','59f9d468-25de-45c7-914a-fa37c7f6056a');
INSERT INTO follows (id,user_id,follow_id) VALUES ('cfff9b5a-942f-4c23-82ce-57644ccc4f63','ae9123ae-7a6d-4f18-bf4b-791728588d2c','79bd994f-29bb-463e-9cf0-0023d3a5d1a5');
INSERT INTO follows (id,user_id,follow_id) VALUES ('04424bdb-5807-437d-9523-454715da15d0','14afe3aa-23f9-4308-80b0-caa824e522bb','d84384de-d807-4365-a894-d8101753e266');
INSERT INTO follows (id,user_id,follow_id) VALUES ('7c05ba6d-6dbc-49ee-9cae-b0e51624768c','adf46ac5-51b3-46d6-9701-cbebd5a6c41a','0130a0a7-d0b4-42fe-b036-ec64aea86fe2');
INSERT INTO follows (id,user_id,follow_id) VALUES ('a60bf458-f28b-4223-9eb0-87effd222b98','604cdae0-9f05-4604-b06d-8c3ee15780c5','6cca8602-a9e5-4e8c-b607-8ea96bf2a501');
INSERT INTO follows (id,user_id,follow_id) VALUES ('d3ff8239-9aa2-495a-ba45-6a93b95e391c','409884ab-d588-449b-9371-f239c9b98977','9e40a1b4-b987-4fd8-9449-010850bef5bc');
INSERT INTO follows (id,user_id,follow_id) VALUES ('98f3ceaf-22e3-4a5a-8cdd-f7d026fb56bc','7b8129dd-d05b-4cf0-88e4-a6fbd054c63d','cf7ee55d-daf7-48c8-8067-2e7e22a7caa7');
INSERT INTO follows (id,user_id,follow_id) VALUES ('9b069ff3-e816-4913-8fef-0c4d095a2c4b','87b474d2-0ac4-4fd3-9264-f54274f2aa82','8a9323b2-dfcd-4688-8127-8ec76b8009dc');
INSERT INTO follows (id,user_id,follow_id) VALUES ('b0e1b1da-3e16-4c3f-937a-904d1347608a','f5b7f836-6c78-4a2f-b19e-f74960851b2e','9e40a1b4-b987-4fd8-9449-010850bef5bc');
INSERT INTO follows (id,user_id,follow_id) VALUES ('31f9d862-0f96-4c6d-86f6-e072cc9ba9b4','9829ed68-1dce-437b-b46d-61e23a0ab3bb','218def2e-835f-42bb-ba49-df00dd498efa');
INSERT INTO follows (id,user_id,follow_id) VALUES ('2ec75e10-d15e-4be6-8b8f-6c911cbdcf4c','a3f6e9d0-04a0-46aa-ae05-49de3d8739c3','218def2e-835f-42bb-ba49-df00dd498efa');
INSERT INTO follows (id,user_id,follow_id) VALUES ('c8669d53-93a3-4be3-b3f9-bd145268d887','604cdae0-9f05-4604-b06d-8c3ee15780c5','cf7ee55d-daf7-48c8-8067-2e7e22a7caa7');
INSERT INTO follows (id,user_id,follow_id) VALUES ('e37bd7d3-666e-434f-a1f2-cdebc8379b32','ba8afd8c-5dd5-4cd3-afec-73e0bd3d8176','4810d8f5-3378-4410-ad9f-a71c926de949');
INSERT INTO follows (id,user_id,follow_id) VALUES ('6bc46a4b-219c-4219-9b06-173f3701f96c','f6602d7b-d257-47d3-be91-05f95e1909f9','07444b16-df5d-4b39-86d8-b8aaebe7ed4a');
INSERT INTO follows (id,user_id,follow_id) VALUES ('8049199d-461e-47c1-9941-a3839af6630b','eb36bc2d-4045-474b-9a97-b088206e4673','f9bd11de-9a18-4fe6-9d00-0d7c9dc2a7e0');
INSERT INTO follows (id,user_id,follow_id) VALUES ('b8c05e24-6721-430a-a2db-382bd06fcc46','218def2e-835f-42bb-ba49-df00dd498efa','2e66d94e-49d7-4d9d-9edb-f1e3270bd972');
INSERT INTO follows (id,user_id,follow_id) VALUES ('bef48bf7-8256-4296-9e29-d37fdcaf48b9','74a3e3e9-af36-4878-b2fd-d9f4599047b7','f34f3462-72f6-4806-beed-4c1ee3097f67');
INSERT INTO follows (id,user_id,follow_id) VALUES ('7f8e4ddf-f6b9-4f21-b58e-a7ec3e296d72','d84384de-d807-4365-a894-d8101753e266','9d4ec369-10c0-4f9b-a241-e3adee9f729a');
INSERT INTO follows (id,user_id,follow_id) VALUES ('5fdc8627-65b1-4e8d-b4e2-78475397c23f','81f097e2-7056-490c-bb8e-7258f52bc7d6','2b7223d3-ddd5-4096-b8b3-b058188b0b08');
INSERT INTO follows (id,user_id,follow_id) VALUES ('2e8b0f21-8ba6-432a-8de7-110cd78cf3cc','6cca8602-a9e5-4e8c-b607-8ea96bf2a501','9e40a1b4-b987-4fd8-9449-010850bef5bc');
INSERT INTO follows (id,user_id,follow_id) VALUES ('d322846a-8050-47ae-a819-594a4a5f16d7','b6cb85a5-5d27-4d11-98db-25a0c57389ba','fd178272-9790-4512-8144-8904126b747d');
INSERT INTO follows (id,user_id,follow_id) VALUES ('c32b9052-c591-4007-9c16-96e52216b53e','9829ed68-1dce-437b-b46d-61e23a0ab3bb','31260ed2-d2b6-404c-82af-045910539ea0');
INSERT INTO follows (id,user_id,follow_id) VALUES ('3ea14346-47ef-4143-b19d-4ab6219c7d0d','11395919-5d92-4053-8a5f-2529d521e660','51a3c11e-2911-4a6b-894b-e05c61590180');
INSERT INTO follows (id,user_id,follow_id) VALUES ('091dd5cb-6c21-4598-81f0-bda1164a5eeb','8eebc2df-dfc7-4efb-bea3-95201918c23d','9d43a9b4-f60a-497b-ad16-4ac0a642fe27');
INSERT INTO follows (id,user_id,follow_id) VALUES ('5aaacfa8-414e-48fd-b965-6b615a72ad1f','a74e8fe8-9b7f-4cbb-abd2-806af7316668','b6cb85a5-5d27-4d11-98db-25a0c57389ba');
INSERT INTO follows (id,user_id,follow_id) VALUES ('445e2329-5ccc-4c4b-a2c2-7a0f0e9abff8','967d20b0-7c66-4465-80a2-b52b4f246ef8','1e091407-a001-4633-9aa6-8d802b4d277d');
INSERT INTO follows (id,user_id,follow_id) VALUES ('ee21686b-c810-409c-b391-0bba0d725ad9','f165c02c-4ef9-46a7-af22-8bd6d949c38e','0130a0a7-d0b4-42fe-b036-ec64aea86fe2');
INSERT INTO follows (id,user_id,follow_id) VALUES ('15d2d537-fb28-40c7-af94-32f6f52ba047','2b7223d3-ddd5-4096-b8b3-b058188b0b08','226e1d62-84ab-4b70-bcd1-ca308631b0d8');
INSERT INTO follows (id,user_id,follow_id) VALUES ('8d20a950-0c60-4370-946f-32da82f603d9','a74e8fe8-9b7f-4cbb-abd2-806af7316668','fcbc592b-212e-4997-a2fe-f5cfd3aebfab');
INSERT INTO follows (id,user_id,follow_id) VALUES ('35259c6b-7c78-44b1-a1c2-d308bd1f8452','0c2d0964-8640-42d4-811a-8b95799f5277','8eebc2df-dfc7-4efb-bea3-95201918c23d');
INSERT INTO follows (id,user_id,follow_id) VALUES ('80adf9a6-a615-4c21-afac-01af651dc425','e9319ef7-dd5d-4775-ac61-0557edd91e84','fd178272-9790-4512-8144-8904126b747d');
INSERT INTO follows (id,user_id,follow_id) VALUES ('7d6a1b72-8276-44e2-9bb4-8fda90376168','4cfd0691-8d9e-4932-aca0-a2f48ef5ff28','fd178272-9790-4512-8144-8904126b747d');
INSERT INTO follows (id,user_id,follow_id) VALUES ('0489186c-3994-4eb5-af98-1d8a963319a5','f17c68b8-4fc6-4d6e-8e75-378eaeb9889f','fcbc592b-212e-4997-a2fe-f5cfd3aebfab');
INSERT INTO follows (id,user_id,follow_id) VALUES ('f70c5b95-3802-4b9c-baff-6aeac7804660','a74e8fe8-9b7f-4cbb-abd2-806af7316668','3338b1ac-ba38-4d21-983e-23187d6bb39f');
INSERT INTO follows (id,user_id,follow_id) VALUES ('8caadfbb-3933-4e9d-8812-97926de00033','7d79bf22-0970-4afb-8948-f824ef7c74a9','0130a0a7-d0b4-42fe-b036-ec64aea86fe2');
INSERT INTO follows (id,user_id,follow_id) VALUES ('9de8c17a-8efd-449d-94ea-8bdeeec7fe57','fb39f665-1194-46dc-9b73-2f1a25315769','ba8afd8c-5dd5-4cd3-afec-73e0bd3d8176');
INSERT INTO follows (id,user_id,follow_id) VALUES ('7ae1afc9-e3f3-4a53-b30f-1a7085d1f794','c73d0442-7281-423a-a835-67932639d586','87b474d2-0ac4-4fd3-9264-f54274f2aa82');
INSERT INTO follows (id,user_id,follow_id) VALUES ('ab42b727-6829-47a0-b104-e9c68a798c4b','1f305e8e-bfdd-4b2b-857f-a38101c930ef','7d79bf22-0970-4afb-8948-f824ef7c74a9');
INSERT INTO follows (id,user_id,follow_id) VALUES ('14a1c1e0-11f2-44e7-acf6-cefe1467edfb','3acb1c3f-0cae-42df-82d7-4009c1c7354e','9218afb5-cd23-45d2-ae54-706580bd53ef');
INSERT INTO follows (id,user_id,follow_id) VALUES ('dcc68d18-e436-40bd-87e2-180a21d61e67','25bd37d1-daf8-4cfb-8812-b51575582a11','f67f0ea0-2359-458d-82b7-23d7a5ff4c7b');
INSERT INTO follows (id,user_id,follow_id) VALUES ('618cc364-5d47-464d-874c-1311063ed396','4cfd0691-8d9e-4932-aca0-a2f48ef5ff28','3d5291e3-099e-4562-b934-13a2de9163ed');
INSERT INTO follows (id,user_id,follow_id) VALUES ('fc2eff44-a9b2-470f-8be9-aecb3f768d8e','d84384de-d807-4365-a894-d8101753e266','c7d8a4d9-ab23-4294-bf72-d42707a72858');
INSERT INTO follows (id,user_id,follow_id) VALUES ('25cfb3e8-0f80-4001-bde8-adbf40491f0e','1e091407-a001-4633-9aa6-8d802b4d277d','ba8afd8c-5dd5-4cd3-afec-73e0bd3d8176');
INSERT INTO follows (id,user_id,follow_id) VALUES ('98a2fed3-3010-4cf1-8d8a-f6ece55fc8b6','25bd37d1-daf8-4cfb-8812-b51575582a11','9b4f2e20-976c-4ef4-b12d-85974af41ce4');
INSERT INTO follows (id,user_id,follow_id) VALUES ('c89ce823-e16b-4985-bd98-5302ba7d6724','226e1d62-84ab-4b70-bcd1-ca308631b0d8','604cdae0-9f05-4604-b06d-8c3ee15780c5');
INSERT INTO follows (id,user_id,follow_id) VALUES ('79d1d2ae-a07f-4f47-96b0-a39c926ace78','226e1d62-84ab-4b70-bcd1-ca308631b0d8','409884ab-d588-449b-9371-f239c9b98977');
INSERT INTO follows (id,user_id,follow_id) VALUES ('e51ea4ad-f04d-4dea-995b-74f9ab457d46','3acb1c3f-0cae-42df-82d7-4009c1c7354e','14afe3aa-23f9-4308-80b0-caa824e522bb');
INSERT INTO follows (id,user_id,follow_id) VALUES ('680004cb-ac3d-4eb1-a1d1-ca6b1670a15f','9218afb5-cd23-45d2-ae54-706580bd53ef','51a3c11e-2911-4a6b-894b-e05c61590180');
INSERT INTO follows (id,user_id,follow_id) VALUES ('1fdbebc0-01ea-4ba0-a4cc-47e032b24fa1','d84384de-d807-4365-a894-d8101753e266','bf7d2d30-5d6f-4981-8ef1-af7fc3b8e8b2');
INSERT INTO follows (id,user_id,follow_id) VALUES ('18efa923-ea6c-4e62-ae8e-85104cf08bdb','a74e8fe8-9b7f-4cbb-abd2-806af7316668','f44d3c05-5b3c-45ae-b968-98adaa86bf67');
INSERT INTO follows (id,user_id,follow_id) VALUES ('b9657023-6a8f-4288-8c69-7d15ea2332e1','f44d3c05-5b3c-45ae-b968-98adaa86bf67','c31fbd23-384f-4a69-adc8-15f1e36bc161');
INSERT INTO follows (id,user_id,follow_id) VALUES ('8d0caf49-d174-4d8c-a7e0-f1de14cec84d','f9bd11de-9a18-4fe6-9d00-0d7c9dc2a7e0','226e1d62-84ab-4b70-bcd1-ca308631b0d8');
INSERT INTO follows (id,user_id,follow_id) VALUES ('7e55c2e0-ee0b-40a1-a586-a5042b1c2944','8eebc2df-dfc7-4efb-bea3-95201918c23d','79bd994f-29bb-463e-9cf0-0023d3a5d1a5');
INSERT INTO follows (id,user_id,follow_id) VALUES ('e5105a6c-9ba1-4822-9c1a-b299479f0b64','1e091407-a001-4633-9aa6-8d802b4d277d','f6602d7b-d257-47d3-be91-05f95e1909f9');
INSERT INTO follows (id,user_id,follow_id) VALUES ('4b0a8fc7-08f7-4573-8608-c741153f8fad','fb39f665-1194-46dc-9b73-2f1a25315769','98e172e5-3672-481b-87e3-f48df7c13983');
INSERT INTO follows (id,user_id,follow_id) VALUES ('b923a16d-1335-44d3-816f-cb5d0335e25c','f165c02c-4ef9-46a7-af22-8bd6d949c38e','4cfd0691-8d9e-4932-aca0-a2f48ef5ff28');
INSERT INTO follows (id,user_id,follow_id) VALUES ('3eb7bcb9-126a-4385-9112-ad02b92ff2a2','8eebc2df-dfc7-4efb-bea3-95201918c23d','74a3e3e9-af36-4878-b2fd-d9f4599047b7');
INSERT INTO follows (id,user_id,follow_id) VALUES ('2aac6735-fdc4-40e5-bd6e-a18056ade9c1','df85b1fa-457e-407d-b4fa-01a9b33bc71d','74a3e3e9-af36-4878-b2fd-d9f4599047b7');
INSERT INTO follows (id,user_id,follow_id) VALUES ('4b889b35-d36a-444c-b7af-8dd7a4e8dbdd','07444b16-df5d-4b39-86d8-b8aaebe7ed4a','14413deb-91f6-4119-b335-4f9b89b4a465');

INSERT INTO posts (id,user_id,content) VALUES ('73de4cd4-982d-45f4-af4d-495f239f244a','cf7ee55d-daf7-48c8-8067-2e7e22a7caa7','Besides highly till Torontonian.');
INSERT INTO posts (id,user_id,content) VALUES ('71f12b09-e784-49e2-876e-110efa11211b','11afcf26-3348-49c9-a88f-59b5d35cd061','Troop itself litter that.');
INSERT INTO posts (id,user_id,content) VALUES ('66d27149-9dcd-48d9-866d-8d1b72a09468','9d4ec369-10c0-4f9b-a241-e3adee9f729a','Time they the rabbit.');
INSERT INTO posts (id,user_id,content) VALUES ('191aa052-f655-4826-a1da-1d810c335f6d','365c696a-9d55-4f2b-acf4-a4d99c8031df','Bale full tame weep.');
INSERT INTO posts (id,user_id,content) VALUES ('2bca6c40-b5f1-4fb8-971a-133516cc582d','0a8649a0-a9e0-4272-a919-03b3db774794','Order beneath himself than.');
INSERT INTO posts (id,user_id,content) VALUES ('6ad5fd37-25ba-491f-b1fd-6c80e842f004','11395919-5d92-4053-8a5f-2529d521e660','Little which have courage.');
INSERT INTO posts (id,user_id,content) VALUES ('9f4ec146-0fbb-42a4-b7f8-9f4db8cfcc29','a04ecd53-7644-49ff-b00c-8b0868a19d05','Nevertheless themselves his nobody.');
INSERT INTO posts (id,user_id,content) VALUES ('974f32ee-dd58-4bce-b62f-646f7cc944c8','adf46ac5-51b3-46d6-9701-cbebd5a6c41a','His about why does.');
INSERT INTO posts (id,user_id,content) VALUES ('23a9a6af-64d6-441b-9169-b5b9a68f38f9','604cdae0-9f05-4604-b06d-8c3ee15780c5','Unless since I myself.');
INSERT INTO posts (id,user_id,content) VALUES ('92ac6641-7fc8-45ed-bc77-b397f48dc6b7','817e006f-8b9e-4a1b-a132-d37b64cf3192','I in muster none.');
INSERT INTO posts (id,user_id,content) VALUES ('d199c631-1100-4082-a034-e8792e1093f0','fd178272-9790-4512-8144-8904126b747d','Someone that something would.');
INSERT INTO posts (id,user_id,content) VALUES ('f5eae8e7-e5a4-4a59-a5b3-2515bdabaa14','cf7ee55d-daf7-48c8-8067-2e7e22a7caa7','Well to still each.');
INSERT INTO posts (id,user_id,content) VALUES ('4526bf57-81d4-4626-bfab-e528b5128c58','0a8649a0-a9e0-4272-a919-03b3db774794','Of at eventually snore.');
INSERT INTO posts (id,user_id,content) VALUES ('1a8acef2-ed8b-4dc8-be82-933c005aa79a','e9319ef7-dd5d-4775-ac61-0557edd91e84','Then week none wave.');
INSERT INTO posts (id,user_id,content) VALUES ('4db7e928-123e-439b-9851-871d097dda0f','7d79bf22-0970-4afb-8948-f824ef7c74a9','March certain one first.');
INSERT INTO posts (id,user_id,content) VALUES ('34cca695-2de1-4c1f-b3bd-1c60bc44b1e1','fcbc592b-212e-4997-a2fe-f5cfd3aebfab','E.g. do her ours.');
INSERT INTO posts (id,user_id,content) VALUES ('704a0ee3-0520-42ad-992a-0735c93a7819','c2e1e51a-d97e-4db0-a415-041f243a33b1','Content wad what person.');
INSERT INTO posts (id,user_id,content) VALUES ('fabcd2a9-c7fc-4a68-a46c-436723ab8c1a','8eebc2df-dfc7-4efb-bea3-95201918c23d','Near those yesterday onto.');
INSERT INTO posts (id,user_id,content) VALUES ('c979d20c-583d-45f1-96f3-0d44f2f8f7ed','f34f3462-72f6-4806-beed-4c1ee3097f67','Those some other in.');
INSERT INTO posts (id,user_id,content) VALUES ('bc40f138-8f72-42a9-8bd5-5c3521de3f9a','35802b18-5650-45ae-9960-2de3044abbcb','Whose permission firstly constantly.');
INSERT INTO posts (id,user_id,content) VALUES ('32b91df9-a5b1-403a-9242-3f914134ef6c','226e1d62-84ab-4b70-bcd1-ca308631b0d8','These nose my Bahrainean.');
INSERT INTO posts (id,user_id,content) VALUES ('9f58f1ff-98f0-4bbb-8f79-ae6303cba4a7','365c696a-9d55-4f2b-acf4-a4d99c8031df','Bathe game she ski.');
INSERT INTO posts (id,user_id,content) VALUES ('bfe7cd70-5977-4058-8ec3-b0cd904a7b5e','3338b1ac-ba38-4d21-983e-23187d6bb39f','Outside she the me.');
INSERT INTO posts (id,user_id,content) VALUES ('7df75db3-5c67-40bd-b33d-da0e77f7fd6b','32ae194a-76d4-448f-9e1b-8c0aefd34ad5','Including listen offend hat.');
INSERT INTO posts (id,user_id,content) VALUES ('5202b4ee-7d8d-484b-9012-fc36b6653bce','8eebc2df-dfc7-4efb-bea3-95201918c23d','These as yesterday under.');
INSERT INTO posts (id,user_id,content) VALUES ('94c538b2-b3ba-4384-b597-8e630b5d5306','2c37a9a8-680d-497f-8e75-5bb7c6b7e1c8','Might how safely then.');
INSERT INTO posts (id,user_id,content) VALUES ('7a9f683c-6432-4cae-bc38-3054ed31fdf6','32ae194a-76d4-448f-9e1b-8c0aefd34ad5','Finally whole government she.');
INSERT INTO posts (id,user_id,content) VALUES ('ba02bcee-6bdf-4650-b3f2-929f9658cef7','4810d8f5-3378-4410-ad9f-a71c926de949','Now within one your.');
INSERT INTO posts (id,user_id,content) VALUES ('4f1dc913-327d-43e4-9824-19cd48978b73','b6cb85a5-5d27-4d11-98db-25a0c57389ba','Niche temple grow stand.');
INSERT INTO posts (id,user_id,content) VALUES ('42aaf685-ba5b-4a6a-afdf-88c787802352','cf7ee55d-daf7-48c8-8067-2e7e22a7caa7','Bow must he who.');
INSERT INTO posts (id,user_id,content) VALUES ('d25c1de2-6444-41c6-9bb7-6ae8c41a7d06','74a3e3e9-af36-4878-b2fd-d9f4599047b7','Where chaise the handle.');
INSERT INTO posts (id,user_id,content) VALUES ('6fcbdf59-081c-4933-8669-bf1498592921','47ef8447-5f6a-4ac7-8956-d6a081b34138','Himself listen to stand.');
INSERT INTO posts (id,user_id,content) VALUES ('84c13696-edd7-4d4c-8e21-5891eee370a6','54aadc77-19b0-4ffb-bfa2-972ca8a4db3b','Why now murder our.');
INSERT INTO posts (id,user_id,content) VALUES ('e4060ea5-267f-4ccf-8f9b-cc5bd9ac92a5','ae9123ae-7a6d-4f18-bf4b-791728588d2c','Management as but part.');
INSERT INTO posts (id,user_id,content) VALUES ('fece4323-ecda-41bc-9f38-82069fdbe03a','74a3e3e9-af36-4878-b2fd-d9f4599047b7','Lots where unless that.');
INSERT INTO posts (id,user_id,content) VALUES ('6b75b725-d023-45cd-ab49-fccb6549a42b','79575547-6086-4685-9673-20378c709b86','Her moreover itself can.');
INSERT INTO posts (id,user_id,content) VALUES ('233575ef-b20d-475f-8086-2e3443d36423','967d20b0-7c66-4465-80a2-b52b4f246ef8','Fox valley party cut.');
INSERT INTO posts (id,user_id,content) VALUES ('35c18256-c814-4ef5-a5c9-ceda76c5e983','2122271a-a4ee-4c45-ad90-5363bc73abe2','Yell our wisp in.');
INSERT INTO posts (id,user_id,content) VALUES ('53108f1f-1bad-4d86-a004-7e934438d522','2c37a9a8-680d-497f-8e75-5bb7c6b7e1c8','Pack inside there he.');
INSERT INTO posts (id,user_id,content) VALUES ('30ef55d3-5bbb-40b5-bed5-2510bb01b68c','bc4b3809-2412-494c-b92a-027abd058fc4','Whoa beautifully yet capture.');
INSERT INTO posts (id,user_id,content) VALUES ('70858e7e-d469-44c5-9a35-7d0f115d440f','f165c02c-4ef9-46a7-af22-8bd6d949c38e','Does research would yearly.');
INSERT INTO posts (id,user_id,content) VALUES ('c400ec11-24ab-4b18-b405-829b666f787e','f34f3462-72f6-4806-beed-4c1ee3097f67','Ours e.g. anything there.');
INSERT INTO posts (id,user_id,content) VALUES ('54152030-5bd5-4197-a05d-102943eb485f','f17c68b8-4fc6-4d6e-8e75-378eaeb9889f','In in load these.');
INSERT INTO posts (id,user_id,content) VALUES ('4587376b-433f-419a-ac30-39e41a6488ce','07444b16-df5d-4b39-86d8-b8aaebe7ed4a','Who him defiant brown.');
INSERT INTO posts (id,user_id,content) VALUES ('4ef64660-58ae-4a72-857e-3ef4e9963024','4810d8f5-3378-4410-ad9f-a71c926de949','Cry life Torontonian last.');
INSERT INTO posts (id,user_id,content) VALUES ('d1894e9b-b8a0-4d4f-9bca-5e3922ec25b5','07444b16-df5d-4b39-86d8-b8aaebe7ed4a','Yours jittery wow their.');
INSERT INTO posts (id,user_id,content) VALUES ('f45be018-19a7-430d-994a-f5710517dd43','9829ed68-1dce-437b-b46d-61e23a0ab3bb','Alas so first her.');
INSERT INTO posts (id,user_id,content) VALUES ('7dd0d282-81d9-401e-8b63-f4930fc190fb','79575547-6086-4685-9673-20378c709b86','Lots while till just.');
INSERT INTO posts (id,user_id,content) VALUES ('7db39fd7-8485-4e06-9ad8-060e74e0b23c','9d43a9b4-f60a-497b-ad16-4ac0a642fe27','Will since niche tonight.');
INSERT INTO posts (id,user_id,content) VALUES ('2b5959dc-d7d3-4c9c-97d3-48cc69a787d5','c05471b0-68f1-46f0-a3e5-82d6b24cbc54','Next usually Welsh finally.');
INSERT INTO posts (id,user_id,content) VALUES ('af5d9705-372f-4fc7-b8de-d7c3616f4a74','9d43a9b4-f60a-497b-ad16-4ac0a642fe27','Above kitchen become those.');
INSERT INTO posts (id,user_id,content) VALUES ('0a62ba27-bced-4efc-9060-e201c8c290d6','fb39f665-1194-46dc-9b73-2f1a25315769','My poorly sensibly Spanish.');
INSERT INTO posts (id,user_id,content) VALUES ('c2166c33-c00e-42ea-8a03-061360f76889','0130a0a7-d0b4-42fe-b036-ec64aea86fe2','Onto therefore daily something.');
INSERT INTO posts (id,user_id,content) VALUES ('a7e8c4b5-ef08-4aee-9b21-a69c7c7627d6','2122271a-a4ee-4c45-ad90-5363bc73abe2','Sleepily class its finally.');
INSERT INTO posts (id,user_id,content) VALUES ('37cf473e-f4de-4124-bef6-22348875ed74','e9319ef7-dd5d-4775-ac61-0557edd91e84','There weekend till its.');
INSERT INTO posts (id,user_id,content) VALUES ('154da2a7-0acd-49f8-9d71-1cb1de501f8d','2e66d94e-49d7-4d9d-9edb-f1e3270bd972','Just which throw galaxy.');
INSERT INTO posts (id,user_id,content) VALUES ('8b39bdcb-7906-4ed5-a67e-5e05275d8c9f','226e1d62-84ab-4b70-bcd1-ca308631b0d8','Those constantly ourselves frankly.');
INSERT INTO posts (id,user_id,content) VALUES ('3bc81e13-cd45-4be2-914a-1efd8bbbe5ea','11395919-5d92-4053-8a5f-2529d521e660','Yours firstly dream myself.');
INSERT INTO posts (id,user_id,content) VALUES ('a90868fb-5766-4d22-8719-60228c1ffaca','f6602d7b-d257-47d3-be91-05f95e1909f9','Regularly off at it.');
INSERT INTO posts (id,user_id,content) VALUES ('7aa9dad3-a12a-4ae7-8b14-54a746a3f735','87b474d2-0ac4-4fd3-9264-f54274f2aa82','Problem may so next.');
INSERT INTO posts (id,user_id,content) VALUES ('b81f5f73-df8b-4488-a329-f32014c70c1f','79575547-6086-4685-9673-20378c709b86','What do him hers.');
INSERT INTO posts (id,user_id,content) VALUES ('c94ca4bd-8988-4a5a-8b74-05c1966e07c1','c2e1e51a-d97e-4db0-a415-041f243a33b1','Its whose anyone daily.');
INSERT INTO posts (id,user_id,content) VALUES ('755da38e-308d-4c4e-a937-cba3e005b432','7d79bf22-0970-4afb-8948-f824ef7c74a9','Preen yours whom being.');
INSERT INTO posts (id,user_id,content) VALUES ('c0d2e2c9-1c85-4f0b-b646-c1b027ee73dd','47ef8447-5f6a-4ac7-8956-d6a081b34138','Snore an front close.');
INSERT INTO posts (id,user_id,content) VALUES ('dcc17c41-ffd0-4706-8630-a10b2773e94b','9829ed68-1dce-437b-b46d-61e23a0ab3bb','Magic park horde so.');
INSERT INTO posts (id,user_id,content) VALUES ('650e6489-a834-4e6b-95bd-5ac1c0241704','0c2d0964-8640-42d4-811a-8b95799f5277','Anger either Plutonian nobody.');
INSERT INTO posts (id,user_id,content) VALUES ('618e1884-31af-4cb5-9d27-a2d6caaae53d','4cfd0691-8d9e-4932-aca0-a2f48ef5ff28','Here besides their example.');
INSERT INTO posts (id,user_id,content) VALUES ('68e2a501-baf2-4e45-8cf4-bdefca52424e','f6602d7b-d257-47d3-be91-05f95e1909f9','Her bevy equipment this.');
INSERT INTO posts (id,user_id,content) VALUES ('6e2b7382-c633-4b05-a279-1073207356f5','9b4f2e20-976c-4ef4-b12d-85974af41ce4','Should bit upstairs daily.');
INSERT INTO posts (id,user_id,content) VALUES ('f25fe816-b70f-4455-b0ca-22f9f1a36567','2122271a-a4ee-4c45-ad90-5363bc73abe2','Tomorrow yours whomever couch.');
INSERT INTO posts (id,user_id,content) VALUES ('326ea273-6c03-419a-b350-6d3134f8488a','32ae194a-76d4-448f-9e1b-8c0aefd34ad5','Far she weekly outside.');
INSERT INTO posts (id,user_id,content) VALUES ('9fb45714-c58f-4e71-bc85-7e2ca7033047','54aadc77-19b0-4ffb-bfa2-972ca8a4db3b','These it ankle hamburger.');
INSERT INTO posts (id,user_id,content) VALUES ('7464c8e6-5518-4425-85bf-1e1b31812a48','7b8129dd-d05b-4cf0-88e4-a6fbd054c63d','Hastily huh onto do.');
INSERT INTO posts (id,user_id,content) VALUES ('6ce1c548-a26c-4c95-8cf1-e96123372e56','bc4b3809-2412-494c-b92a-027abd058fc4','Now whatever wash Mexican.');
INSERT INTO posts (id,user_id,content) VALUES ('f3f17f14-c089-47a7-9890-f70b915f5f50','226e1d62-84ab-4b70-bcd1-ca308631b0d8','Herself daily why secondly.');
INSERT INTO posts (id,user_id,content) VALUES ('53b0cb05-0a6d-459a-9b3e-8b3dc8fbd464','4cfd0691-8d9e-4932-aca0-a2f48ef5ff28','Band now whichever for.');
INSERT INTO posts (id,user_id,content) VALUES ('6f989510-7e77-4d8f-b101-6d3983d71972','9218afb5-cd23-45d2-ae54-706580bd53ef','Onto union yourselves day.');
INSERT INTO posts (id,user_id,content) VALUES ('8586bcef-c0ee-484c-8553-fd77618e9905','11afcf26-3348-49c9-a88f-59b5d35cd061','My in oops lighter.');
INSERT INTO posts (id,user_id,content) VALUES ('6b2dcbbe-15ee-485a-bbf2-9dc9a1e6a6e1','729745bc-486f-4eae-a34c-e943d727b6c6','Shall that example kuban.');
INSERT INTO posts (id,user_id,content) VALUES ('94a9a890-799d-471c-8c2a-79011c6fba1e','bae27480-6d20-4a62-8742-91317d339ec9','Each rush from our.');
INSERT INTO posts (id,user_id,content) VALUES ('2b710843-7ba2-40fe-9726-e619624cccd7','81f097e2-7056-490c-bb8e-7258f52bc7d6','Crowd wisdom hourly since.');
INSERT INTO posts (id,user_id,content) VALUES ('61a6490c-244d-42a9-ad25-7e6f54010131','9e40a1b4-b987-4fd8-9449-010850bef5bc','Our brace religion will.');
INSERT INTO posts (id,user_id,content) VALUES ('2a2009b5-1e42-4dba-919c-befaeb3d4dd2','a2613ca5-09cd-4d74-b37c-fe1eed5a1289','Your my heavy mysteriously.');
INSERT INTO posts (id,user_id,content) VALUES ('498489c4-5328-4562-a6b4-3584ac2e9f90','0d74a50c-070a-452e-9a4e-42dec161540b','So always there softly.');
INSERT INTO posts (id,user_id,content) VALUES ('898fd5dd-b5a8-4448-b0cd-917c11cd4004','7b8129dd-d05b-4cf0-88e4-a6fbd054c63d','Inquire their in we.');
INSERT INTO posts (id,user_id,content) VALUES ('35c88c51-5a8d-4e00-852a-2ceb44c65728','ba8afd8c-5dd5-4cd3-afec-73e0bd3d8176','Specify unless love have.');
INSERT INTO posts (id,user_id,content) VALUES ('710886ea-db1b-4b33-a6e8-156235d4e97d','32ae194a-76d4-448f-9e1b-8c0aefd34ad5','On hat watch say.');
INSERT INTO posts (id,user_id,content) VALUES ('fdf2c19a-f37a-4ce1-9cbf-d7e424fdd727','967d20b0-7c66-4465-80a2-b52b4f246ef8','Luxuty occasionally yesterday from.');
INSERT INTO posts (id,user_id,content) VALUES ('5b3a4d97-e4bc-4c6e-a755-2b105c337cd9','bf7d2d30-5d6f-4981-8ef1-af7fc3b8e8b2','With on themselves distinct.');
INSERT INTO posts (id,user_id,content) VALUES ('7d09bbf6-94da-4ef0-9bc0-53c486a21cba','54aadc77-19b0-4ffb-bfa2-972ca8a4db3b','That Slovak must as.');
INSERT INTO posts (id,user_id,content) VALUES ('f99d8eb6-6a6f-433c-a5b7-4f37dfce1c5f','604cdae0-9f05-4604-b06d-8c3ee15780c5','Yourself cast example Gaussian.');
INSERT INTO posts (id,user_id,content) VALUES ('2a3bc45a-5764-4429-ac02-184d47bb936b','c2e1e51a-d97e-4db0-a415-041f243a33b1','Eagerly glamorous bale provided.');
INSERT INTO posts (id,user_id,content) VALUES ('8a3b6478-0b3f-4086-bc53-c7837822a50f','f5b7f836-6c78-4a2f-b19e-f74960851b2e','One how onto this.');
INSERT INTO posts (id,user_id,content) VALUES ('8dfb31ca-b5b6-4f14-a20a-3a41cfe80948','ae9123ae-7a6d-4f18-bf4b-791728588d2c','Here numerous up its.');
INSERT INTO posts (id,user_id,content) VALUES ('2481e24d-e9ec-4d15-823d-192591c38e00','11395919-5d92-4053-8a5f-2529d521e660','Within be air collection.');
INSERT INTO posts (id,user_id,content) VALUES ('54a631f4-cb14-42ff-b708-35a208ae1f11','bc4b3809-2412-494c-b92a-027abd058fc4','Secondly anyone in it.');
INSERT INTO posts (id,user_id,content) VALUES ('92f3cd3c-6e06-4d39-921c-1612285a52ce','7b8129dd-d05b-4cf0-88e4-a6fbd054c63d','Loss research respects there.');
INSERT INTO posts (id,user_id,content) VALUES ('2b56bd66-0f17-47b8-b7bb-4c79b33994a2','fd635991-9ac0-458d-9ead-90d3a82b7382','Yay that employment am.');
INSERT INTO posts (id,user_id,content) VALUES ('daae9cdf-4baa-47b1-8822-e9a35b13bcfc','f9bd11de-9a18-4fe6-9d00-0d7c9dc2a7e0','On of everybody brilliance.');
INSERT INTO posts (id,user_id,content) VALUES ('4f0c20d4-065b-4f79-a4bd-320b5fa8e69c','1e091407-a001-4633-9aa6-8d802b4d277d','Why you close Hitlerian.');

INSERT INTO post_likes (id,user_id,post_id) VALUES ('f1bfa87f-7d5f-4d74-91a5-a9d72beffc1f','1f305e8e-bfdd-4b2b-857f-a38101c930ef','68e2a501-baf2-4e45-8cf4-bdefca52424e');
INSERT INTO post_likes (id,user_id,post_id) VALUES ('085f06a3-6096-4962-9a31-30ea371abf14','8eebc2df-dfc7-4efb-bea3-95201918c23d','94a9a890-799d-471c-8c2a-79011c6fba1e');
INSERT INTO post_likes (id,user_id,post_id) VALUES ('a3bb5130-fcd9-4305-b953-842942744506','f165c02c-4ef9-46a7-af22-8bd6d949c38e','2481e24d-e9ec-4d15-823d-192591c38e00');
INSERT INTO post_likes (id,user_id,post_id) VALUES ('aea751d5-b260-4313-a6c3-d1f04dc34dd2','11afcf26-3348-49c9-a88f-59b5d35cd061','650e6489-a834-4e6b-95bd-5ac1c0241704');
INSERT INTO post_likes (id,user_id,post_id) VALUES ('b99c9cfc-62f7-464a-8683-50ac652afe4d','87b474d2-0ac4-4fd3-9264-f54274f2aa82','4587376b-433f-419a-ac30-39e41a6488ce');
INSERT INTO post_likes (id,user_id,post_id) VALUES ('57012d47-ce56-46af-a5e3-ded7b533f65c','98e172e5-3672-481b-87e3-f48df7c13983','4ef64660-58ae-4a72-857e-3ef4e9963024');
INSERT INTO post_likes (id,user_id,post_id) VALUES ('14b5f759-08cd-4da1-80ac-50eb6f14df19','0c2d0964-8640-42d4-811a-8b95799f5277','498489c4-5328-4562-a6b4-3584ac2e9f90');
INSERT INTO post_likes (id,user_id,post_id) VALUES ('5df6284e-85b3-4b2a-8e20-9c97da69b233','ae9123ae-7a6d-4f18-bf4b-791728588d2c','6b75b725-d023-45cd-ab49-fccb6549a42b');
INSERT INTO post_likes (id,user_id,post_id) VALUES ('258e1809-94ac-4b07-95c0-8f59f9ead599','9829ed68-1dce-437b-b46d-61e23a0ab3bb','7464c8e6-5518-4425-85bf-1e1b31812a48');
INSERT INTO post_likes (id,user_id,post_id) VALUES ('97d057c8-e189-4b3b-980a-3d57dc9952dd','74a3e3e9-af36-4878-b2fd-d9f4599047b7','daae9cdf-4baa-47b1-8822-e9a35b13bcfc');
INSERT INTO post_likes (id,user_id,post_id) VALUES ('1c753294-3886-42a2-8c94-26e3cfb94336','218def2e-835f-42bb-ba49-df00dd498efa','6fcbdf59-081c-4933-8669-bf1498592921');
INSERT INTO post_likes (id,user_id,post_id) VALUES ('5472cdb3-d4f4-46e0-9d64-d692c7710fc1','f165c02c-4ef9-46a7-af22-8bd6d949c38e','6ce1c548-a26c-4c95-8cf1-e96123372e56');
INSERT INTO post_likes (id,user_id,post_id) VALUES ('4e39bafb-bed3-44ce-809f-02c8443e167e','8eebc2df-dfc7-4efb-bea3-95201918c23d','a7e8c4b5-ef08-4aee-9b21-a69c7c7627d6');
INSERT INTO post_likes (id,user_id,post_id) VALUES ('23683f40-5be7-46ff-bfa6-04e5b89ccd16','409884ab-d588-449b-9371-f239c9b98977','d199c631-1100-4082-a034-e8792e1093f0');
INSERT INTO post_likes (id,user_id,post_id) VALUES ('e91455ce-8c51-4e22-a3be-836a0654f85d','729745bc-486f-4eae-a34c-e943d727b6c6','35c88c51-5a8d-4e00-852a-2ceb44c65728');
INSERT INTO post_likes (id,user_id,post_id) VALUES ('5a64cd9a-adcc-490c-b3ea-f648763a56c7','d84384de-d807-4365-a894-d8101753e266','1a8acef2-ed8b-4dc8-be82-933c005aa79a');
INSERT INTO post_likes (id,user_id,post_id) VALUES ('be20c26f-17b6-4dc6-9480-b39b2c229b51','3c0d77aa-c534-417c-8a5e-59ca07009586','3bc81e13-cd45-4be2-914a-1efd8bbbe5ea');
INSERT INTO post_likes (id,user_id,post_id) VALUES ('b95a44b3-539b-4d63-a455-2746309cb97a','a3f6e9d0-04a0-46aa-ae05-49de3d8739c3','0a62ba27-bced-4efc-9060-e201c8c290d6');
INSERT INTO post_likes (id,user_id,post_id) VALUES ('3ec3d19d-d6af-4273-bb14-442eaf496e80','14afe3aa-23f9-4308-80b0-caa824e522bb','42aaf685-ba5b-4a6a-afdf-88c787802352');
INSERT INTO post_likes (id,user_id,post_id) VALUES ('becd24bf-8cd2-4743-94ff-f37a87dbab6e','ba8afd8c-5dd5-4cd3-afec-73e0bd3d8176','5202b4ee-7d8d-484b-9012-fc36b6653bce');
INSERT INTO post_likes (id,user_id,post_id) VALUES ('f8821cac-0eef-4be1-9b57-a27e401dd92a','c00f2323-2cf3-4c5f-9e94-6416f46a8021','d199c631-1100-4082-a034-e8792e1093f0');
INSERT INTO post_likes (id,user_id,post_id) VALUES ('2a324d17-d65f-4ef7-a28c-6772c1a10ad8','3338b1ac-ba38-4d21-983e-23187d6bb39f','4ef64660-58ae-4a72-857e-3ef4e9963024');
INSERT INTO post_likes (id,user_id,post_id) VALUES ('7ee37ae0-688a-4c43-b869-09242192fdb5','a2613ca5-09cd-4d74-b37c-fe1eed5a1289','9f4ec146-0fbb-42a4-b7f8-9f4db8cfcc29');
INSERT INTO post_likes (id,user_id,post_id) VALUES ('418afb18-71d0-4b94-925a-0a5207570308','4810d8f5-3378-4410-ad9f-a71c926de949','4f0c20d4-065b-4f79-a4bd-320b5fa8e69c');
INSERT INTO post_likes (id,user_id,post_id) VALUES ('a48f89b6-e77f-497f-8b6f-255e7fc16977','f44d3c05-5b3c-45ae-b968-98adaa86bf67','fabcd2a9-c7fc-4a68-a46c-436723ab8c1a');
INSERT INTO post_likes (id,user_id,post_id) VALUES ('e43494cc-78f5-4056-86bb-2acf4bfd03b9','31260ed2-d2b6-404c-82af-045910539ea0','6b75b725-d023-45cd-ab49-fccb6549a42b');
INSERT INTO post_likes (id,user_id,post_id) VALUES ('f9e30e75-f14b-4b2b-8b51-30ce9569aa4c','79bd994f-29bb-463e-9cf0-0023d3a5d1a5','7d09bbf6-94da-4ef0-9bc0-53c486a21cba');
INSERT INTO post_likes (id,user_id,post_id) VALUES ('b1bd0fbd-39c9-404c-b376-dc09932cd5b3','c2e1e51a-d97e-4db0-a415-041f243a33b1','8b39bdcb-7906-4ed5-a67e-5e05275d8c9f');
INSERT INTO post_likes (id,user_id,post_id) VALUES ('f763e796-9b7d-4ef1-a79d-9cc50f1112a9','f34f3462-72f6-4806-beed-4c1ee3097f67','4ef64660-58ae-4a72-857e-3ef4e9963024');
INSERT INTO post_likes (id,user_id,post_id) VALUES ('dcf36db5-1928-402b-902b-97c4f75176b2','729745bc-486f-4eae-a34c-e943d727b6c6','94c538b2-b3ba-4384-b597-8e630b5d5306');
INSERT INTO post_likes (id,user_id,post_id) VALUES ('a793834e-7880-4e58-bb59-3b4edc382590','74a3e3e9-af36-4878-b2fd-d9f4599047b7','a7e8c4b5-ef08-4aee-9b21-a69c7c7627d6');
INSERT INTO post_likes (id,user_id,post_id) VALUES ('f4f3c42e-1336-4142-a0ab-224144cb9a05','6cca8602-a9e5-4e8c-b607-8ea96bf2a501','a7e8c4b5-ef08-4aee-9b21-a69c7c7627d6');
INSERT INTO post_likes (id,user_id,post_id) VALUES ('e7014bd3-1c7b-4820-aa37-48f3be68a9f9','365c696a-9d55-4f2b-acf4-a4d99c8031df','2b710843-7ba2-40fe-9726-e619624cccd7');
INSERT INTO post_likes (id,user_id,post_id) VALUES ('820cd130-4f45-4c6e-b74b-3d443b124260','2b7223d3-ddd5-4096-b8b3-b058188b0b08','34cca695-2de1-4c1f-b3bd-1c60bc44b1e1');
INSERT INTO post_likes (id,user_id,post_id) VALUES ('917e6480-89db-49e2-a19c-017328d8cc78','eb36bc2d-4045-474b-9a97-b088206e4673','c0d2e2c9-1c85-4f0b-b646-c1b027ee73dd');
INSERT INTO post_likes (id,user_id,post_id) VALUES ('7b98b8a5-42d1-46c2-928a-ebf03d0f1468','01bc846e-95de-4a62-9eb8-f4346e4945b1','7aa9dad3-a12a-4ae7-8b14-54a746a3f735');
INSERT INTO post_likes (id,user_id,post_id) VALUES ('a3153d1c-bf64-4891-8ec1-617f365c15db','87b474d2-0ac4-4fd3-9264-f54274f2aa82','54a631f4-cb14-42ff-b708-35a208ae1f11');
INSERT INTO post_likes (id,user_id,post_id) VALUES ('ed88e88e-684d-440c-ba94-a1ccb40f981b','0c2d0964-8640-42d4-811a-8b95799f5277','c400ec11-24ab-4b18-b405-829b666f787e');
INSERT INTO post_likes (id,user_id,post_id) VALUES ('83e15f59-46ef-47f2-9c0b-141f4dc53405','79575547-6086-4685-9673-20378c709b86','326ea273-6c03-419a-b350-6d3134f8488a');
INSERT INTO post_likes (id,user_id,post_id) VALUES ('a6bb381c-fce7-4129-af08-c8436b3ee257','9218afb5-cd23-45d2-ae54-706580bd53ef','54a631f4-cb14-42ff-b708-35a208ae1f11');
INSERT INTO post_likes (id,user_id,post_id) VALUES ('22fa88e3-7ff4-48a1-a64e-37a5cf01b18d','c05471b0-68f1-46f0-a3e5-82d6b24cbc54','191aa052-f655-4826-a1da-1d810c335f6d');
INSERT INTO post_likes (id,user_id,post_id) VALUES ('9422ecd2-a46e-4363-b898-06ed994014ad','adf46ac5-51b3-46d6-9701-cbebd5a6c41a','fece4323-ecda-41bc-9f38-82069fdbe03a');
INSERT INTO post_likes (id,user_id,post_id) VALUES ('d64e7314-52ea-44d1-bdbf-f68f1b50e643','47ef8447-5f6a-4ac7-8956-d6a081b34138','2a2009b5-1e42-4dba-919c-befaeb3d4dd2');
INSERT INTO post_likes (id,user_id,post_id) VALUES ('82560e35-1353-4eb9-a8e2-fa61019d52ab','1e091407-a001-4633-9aa6-8d802b4d277d','f3f17f14-c089-47a7-9890-f70b915f5f50');
INSERT INTO post_likes (id,user_id,post_id) VALUES ('5ceaf033-bba2-4d52-8086-ea16f62f4cb4','967d20b0-7c66-4465-80a2-b52b4f246ef8','6b75b725-d023-45cd-ab49-fccb6549a42b');
INSERT INTO post_likes (id,user_id,post_id) VALUES ('e7e86ecf-bf10-4675-a9ee-5f8453452483','74a3e3e9-af36-4878-b2fd-d9f4599047b7','c979d20c-583d-45f1-96f3-0d44f2f8f7ed');
INSERT INTO post_likes (id,user_id,post_id) VALUES ('473ad329-7c59-4563-83c6-df38dda044ce','3fd444a9-2a42-4337-8397-1b8507afc26f','7464c8e6-5518-4425-85bf-1e1b31812a48');
INSERT INTO post_likes (id,user_id,post_id) VALUES ('9ec20bca-de91-422f-8219-be0f7ccc9495','a74e8fe8-9b7f-4cbb-abd2-806af7316668','326ea273-6c03-419a-b350-6d3134f8488a');
INSERT INTO post_likes (id,user_id,post_id) VALUES ('90b2e3eb-bf17-4163-bb85-17b88199297d','9218afb5-cd23-45d2-ae54-706580bd53ef','7dd0d282-81d9-401e-8b63-f4930fc190fb');
INSERT INTO post_likes (id,user_id,post_id) VALUES ('484adcc0-b06c-4c8f-9afe-661e5e8c874e','c00f2323-2cf3-4c5f-9e94-6416f46a8021','b81f5f73-df8b-4488-a329-f32014c70c1f');
INSERT INTO post_likes (id,user_id,post_id) VALUES ('fbdbd407-8f73-40c2-8d40-608b8b886fe6','8a9323b2-dfcd-4688-8127-8ec76b8009dc','53108f1f-1bad-4d86-a004-7e934438d522');
INSERT INTO post_likes (id,user_id,post_id) VALUES ('a0d91520-3398-4e13-bfb8-25936220f4ac','59f9d468-25de-45c7-914a-fa37c7f6056a','2b710843-7ba2-40fe-9726-e619624cccd7');
INSERT INTO post_likes (id,user_id,post_id) VALUES ('e568604d-6803-4ba6-8c9b-b22d94305cfd','59f9d468-25de-45c7-914a-fa37c7f6056a','8b39bdcb-7906-4ed5-a67e-5e05275d8c9f');
INSERT INTO post_likes (id,user_id,post_id) VALUES ('cc1cb5fb-8762-4458-b981-c4fb3c65fac1','7d79bf22-0970-4afb-8948-f824ef7c74a9','4db7e928-123e-439b-9851-871d097dda0f');
INSERT INTO post_likes (id,user_id,post_id) VALUES ('28440f21-2960-4c2f-873e-076ff1c616ca','8096896e-8483-4a6d-b4b9-0695cdee4512','2b5959dc-d7d3-4c9c-97d3-48cc69a787d5');
INSERT INTO post_likes (id,user_id,post_id) VALUES ('97bef1d5-fef6-475e-878a-dcca462adf96','25bd37d1-daf8-4cfb-8812-b51575582a11','2b710843-7ba2-40fe-9726-e619624cccd7');
INSERT INTO post_likes (id,user_id,post_id) VALUES ('dde79ecc-7ba9-4ae8-852e-9ed24795c3b0','f165c02c-4ef9-46a7-af22-8bd6d949c38e','f45be018-19a7-430d-994a-f5710517dd43');
INSERT INTO post_likes (id,user_id,post_id) VALUES ('cc082de8-306e-46ec-8ecb-fc427b97c0c0','cf7ee55d-daf7-48c8-8067-2e7e22a7caa7','71f12b09-e784-49e2-876e-110efa11211b');
INSERT INTO post_likes (id,user_id,post_id) VALUES ('c4b9c449-ab83-4383-9cf9-3266e48fd148','ae9123ae-7a6d-4f18-bf4b-791728588d2c','2b5959dc-d7d3-4c9c-97d3-48cc69a787d5');
INSERT INTO post_likes (id,user_id,post_id) VALUES ('c365c35b-9530-4dd6-9a82-95745b86100b','fd635991-9ac0-458d-9ead-90d3a82b7382','92f3cd3c-6e06-4d39-921c-1612285a52ce');
INSERT INTO post_likes (id,user_id,post_id) VALUES ('c9d58b67-89ea-4507-9078-6060c93f2030','365c696a-9d55-4f2b-acf4-a4d99c8031df','6b75b725-d023-45cd-ab49-fccb6549a42b');
INSERT INTO post_likes (id,user_id,post_id) VALUES ('a58feb71-32c8-450f-8f2c-c1392d65fdaa','ba8afd8c-5dd5-4cd3-afec-73e0bd3d8176','94a9a890-799d-471c-8c2a-79011c6fba1e');
INSERT INTO post_likes (id,user_id,post_id) VALUES ('d12af3b0-238a-499a-aaba-eaba1ee29911','0176e07e-adef-479e-9e18-1e0dd0b008ed','7d09bbf6-94da-4ef0-9bc0-53c486a21cba');
INSERT INTO post_likes (id,user_id,post_id) VALUES ('e8e680b2-c0ff-473d-90a4-6cc9929f9230','01bc846e-95de-4a62-9eb8-f4346e4945b1','7d09bbf6-94da-4ef0-9bc0-53c486a21cba');
INSERT INTO post_likes (id,user_id,post_id) VALUES ('7b565592-c7f2-4e64-9fa0-a5d5a97c0bab','8096896e-8483-4a6d-b4b9-0695cdee4512','7aa9dad3-a12a-4ae7-8b14-54a746a3f735');
INSERT INTO post_likes (id,user_id,post_id) VALUES ('657ee3fa-549a-48bd-adf9-206eb77c11ad','2b7223d3-ddd5-4096-b8b3-b058188b0b08','618e1884-31af-4cb5-9d27-a2d6caaae53d');
INSERT INTO post_likes (id,user_id,post_id) VALUES ('9717a594-3a68-4be3-8c22-7bdccf54ccae','3fd444a9-2a42-4337-8397-1b8507afc26f','35c18256-c814-4ef5-a5c9-ceda76c5e983');
INSERT INTO post_likes (id,user_id,post_id) VALUES ('ac9c4f9d-4546-4492-9dba-7818dbd20bcc','e9319ef7-dd5d-4775-ac61-0557edd91e84','42aaf685-ba5b-4a6a-afdf-88c787802352');
INSERT INTO post_likes (id,user_id,post_id) VALUES ('28b08802-4988-4dd7-a3dd-9f60440caf0f','3c0d77aa-c534-417c-8a5e-59ca07009586','c2166c33-c00e-42ea-8a03-061360f76889');
INSERT INTO post_likes (id,user_id,post_id) VALUES ('8e8c6359-af47-4136-9cce-7e9ba03b3135','0130a0a7-d0b4-42fe-b036-ec64aea86fe2','32b91df9-a5b1-403a-9242-3f914134ef6c');
INSERT INTO post_likes (id,user_id,post_id) VALUES ('cf0b0bf0-17df-4fbe-a32a-b959b3361b49','2b7223d3-ddd5-4096-b8b3-b058188b0b08','2b56bd66-0f17-47b8-b7bb-4c79b33994a2');
INSERT INTO post_likes (id,user_id,post_id) VALUES ('f943ca14-cf37-49b3-aa9d-bdb68c9c74d4','729745bc-486f-4eae-a34c-e943d727b6c6','2a3bc45a-5764-4429-ac02-184d47bb936b');
INSERT INTO post_likes (id,user_id,post_id) VALUES ('1f488fef-8bc8-472d-a570-4409898d8030','32ae194a-76d4-448f-9e1b-8c0aefd34ad5','c2166c33-c00e-42ea-8a03-061360f76889');
INSERT INTO post_likes (id,user_id,post_id) VALUES ('60704d5e-c863-45a3-bd5d-f99d33a9bb3b','1f305e8e-bfdd-4b2b-857f-a38101c930ef','35c88c51-5a8d-4e00-852a-2ceb44c65728');
INSERT INTO post_likes (id,user_id,post_id) VALUES ('7968e7e3-effe-4b30-bb1f-87f6dc683ad3','f165c02c-4ef9-46a7-af22-8bd6d949c38e','b81f5f73-df8b-4488-a329-f32014c70c1f');
INSERT INTO post_likes (id,user_id,post_id) VALUES ('6ca31428-102b-40a5-b5cf-841aedf05482','9d43a9b4-f60a-497b-ad16-4ac0a642fe27','f45be018-19a7-430d-994a-f5710517dd43');
INSERT INTO post_likes (id,user_id,post_id) VALUES ('b2ca049b-cb57-43ce-82bc-a584d2a28899','9b4f2e20-976c-4ef4-b12d-85974af41ce4','70858e7e-d469-44c5-9a35-7d0f115d440f');
INSERT INTO post_likes (id,user_id,post_id) VALUES ('139263ea-dceb-44f4-8aae-37c4469ffbdc','3338b1ac-ba38-4d21-983e-23187d6bb39f','7db39fd7-8485-4e06-9ad8-060e74e0b23c');
INSERT INTO post_likes (id,user_id,post_id) VALUES ('d629ef01-23f5-4260-ac2e-648463179c3b','c05471b0-68f1-46f0-a3e5-82d6b24cbc54','755da38e-308d-4c4e-a937-cba3e005b432');
INSERT INTO post_likes (id,user_id,post_id) VALUES ('fd122385-06ff-4c30-8c91-15205c90b689','bae27480-6d20-4a62-8742-91317d339ec9','daae9cdf-4baa-47b1-8822-e9a35b13bcfc');
INSERT INTO post_likes (id,user_id,post_id) VALUES ('7a905366-071c-48e3-b719-4b6eadec34ad','f6602d7b-d257-47d3-be91-05f95e1909f9','4f1dc913-327d-43e4-9824-19cd48978b73');
INSERT INTO post_likes (id,user_id,post_id) VALUES ('99481c38-a432-4146-affa-0d398c65080f','c31fbd23-384f-4a69-adc8-15f1e36bc161','8dfb31ca-b5b6-4f14-a20a-3a41cfe80948');
INSERT INTO post_likes (id,user_id,post_id) VALUES ('a165bb2b-8a78-41a3-8ea0-cd059a65606f','2122271a-a4ee-4c45-ad90-5363bc73abe2','1a8acef2-ed8b-4dc8-be82-933c005aa79a');
INSERT INTO post_likes (id,user_id,post_id) VALUES ('2d63d23b-f434-42f7-9b66-41a7a072e1cf','4810d8f5-3378-4410-ad9f-a71c926de949','37cf473e-f4de-4124-bef6-22348875ed74');
INSERT INTO post_likes (id,user_id,post_id) VALUES ('902f52da-b779-4d3c-9dff-7745cd18c98c','8aa49c75-9c45-41f0-b9ff-2f8230125c0c','650e6489-a834-4e6b-95bd-5ac1c0241704');
INSERT INTO post_likes (id,user_id,post_id) VALUES ('6f7894df-4c43-4d4b-95f9-aba4e99a1cb7','2e66d94e-49d7-4d9d-9edb-f1e3270bd972','154da2a7-0acd-49f8-9d71-1cb1de501f8d');
INSERT INTO post_likes (id,user_id,post_id) VALUES ('20de30a3-6f33-4938-967c-abdf6a0085c1','9d43a9b4-f60a-497b-ad16-4ac0a642fe27','618e1884-31af-4cb5-9d27-a2d6caaae53d');
INSERT INTO post_likes (id,user_id,post_id) VALUES ('2f2543dd-1a13-483d-abd4-db9f93a1d0c1','f5b7f836-6c78-4a2f-b19e-f74960851b2e','fdf2c19a-f37a-4ce1-9cbf-d7e424fdd727');
INSERT INTO post_likes (id,user_id,post_id) VALUES ('f11a4b57-6a80-454a-9bde-cb9892ca30db','409884ab-d588-449b-9371-f239c9b98977','6b2dcbbe-15ee-485a-bbf2-9dc9a1e6a6e1');
INSERT INTO post_likes (id,user_id,post_id) VALUES ('fe6265c7-69d2-4800-84f9-eaa7d4a297ad','11afcf26-3348-49c9-a88f-59b5d35cd061','704a0ee3-0520-42ad-992a-0735c93a7819');
INSERT INTO post_likes (id,user_id,post_id) VALUES ('3233525a-585a-4294-9074-a7ff67026dae','c7d8a4d9-ab23-4294-bf72-d42707a72858','710886ea-db1b-4b33-a6e8-156235d4e97d');
INSERT INTO post_likes (id,user_id,post_id) VALUES ('7d427ee0-7bb5-4f68-992d-d29ba9f222fb','bae27480-6d20-4a62-8742-91317d339ec9','974f32ee-dd58-4bce-b62f-646f7cc944c8');
INSERT INTO post_likes (id,user_id,post_id) VALUES ('2c262b93-98cd-4d83-8048-c5badcd179d6','25bd37d1-daf8-4cfb-8812-b51575582a11','7aa9dad3-a12a-4ae7-8b14-54a746a3f735');
INSERT INTO post_likes (id,user_id,post_id) VALUES ('3c86c8d7-6b10-48c7-acba-8259fd145b09','0130a0a7-d0b4-42fe-b036-ec64aea86fe2','898fd5dd-b5a8-4448-b0cd-917c11cd4004');
INSERT INTO post_likes (id,user_id,post_id) VALUES ('ddc8bdcd-6237-4593-b496-e09dc803d3ad','218def2e-835f-42bb-ba49-df00dd498efa','6ad5fd37-25ba-491f-b1fd-6c80e842f004');
INSERT INTO post_likes (id,user_id,post_id) VALUES ('9bb0f283-7ed5-4eef-9b56-9fba00cfcf4a','11395919-5d92-4053-8a5f-2529d521e660','f25fe816-b70f-4455-b0ca-22f9f1a36567');
INSERT INTO post_likes (id,user_id,post_id) VALUES ('72e9e391-7987-40f9-8b21-478d0dbfb015','409884ab-d588-449b-9371-f239c9b98977','7db39fd7-8485-4e06-9ad8-060e74e0b23c');
INSERT INTO post_likes (id,user_id,post_id) VALUES ('3886e8ce-1de6-4afc-9ce1-c430e19a5269','8aa49c75-9c45-41f0-b9ff-2f8230125c0c','32b91df9-a5b1-403a-9242-3f914134ef6c');
INSERT INTO post_likes (id,user_id,post_id) VALUES ('84ab1dc5-efac-4328-81d8-8ae52c5fdf34','a3f6e9d0-04a0-46aa-ae05-49de3d8739c3','6ce1c548-a26c-4c95-8cf1-e96123372e56');
INSERT INTO post_likes (id,user_id,post_id) VALUES ('5f47603e-401d-4636-bf7c-46bb1646d4d6','3d5291e3-099e-4562-b934-13a2de9163ed','94c538b2-b3ba-4384-b597-8e630b5d5306');

INSERT INTO comments (id,user_id,post_id,content) VALUES ('e10595c6-2dfa-4e4d-aa68-c7c6ef10c6cf','ba8afd8c-5dd5-4cd3-afec-73e0bd3d8176','ba02bcee-6bdf-4650-b3f2-929f9658cef7','Yet Lebanese world day.');
INSERT INTO comments (id,user_id,post_id,content) VALUES ('c3cc4dc6-8541-40e4-b405-d023888c9568','8096896e-8483-4a6d-b4b9-0695cdee4512','650e6489-a834-4e6b-95bd-5ac1c0241704','Choir stupid today mine.');
INSERT INTO comments (id,user_id,post_id,content) VALUES ('34daa351-c046-40e0-a39e-1a13429d11f5','2b7223d3-ddd5-4096-b8b3-b058188b0b08','1a8acef2-ed8b-4dc8-be82-933c005aa79a','In hatred ours other.');
INSERT INTO comments (id,user_id,post_id,content) VALUES ('4a7b7791-dc7d-438f-9cf1-96e11573677e','7d79bf22-0970-4afb-8948-f824ef7c74a9','a7e8c4b5-ef08-4aee-9b21-a69c7c7627d6','Might these mob yours.');
INSERT INTO comments (id,user_id,post_id,content) VALUES ('e930ee8b-acfa-4b38-a6b5-789989c5ad32','c73d0442-7281-423a-a835-67932639d586','54152030-5bd5-4197-a05d-102943eb485f','Careful anyone you nobody.');
INSERT INTO comments (id,user_id,post_id,content) VALUES ('8836b9bb-cf24-4a29-86fc-7995c8dec333','4cfd0691-8d9e-4932-aca0-a2f48ef5ff28','53108f1f-1bad-4d86-a004-7e934438d522','Wealth answer finally those.');
INSERT INTO comments (id,user_id,post_id,content) VALUES ('53e5fe1b-27ae-4be4-acc5-065c7bf2b770','a2613ca5-09cd-4d74-b37c-fe1eed5a1289','5202b4ee-7d8d-484b-9012-fc36b6653bce','Forest embarrassed for from.');
INSERT INTO comments (id,user_id,post_id,content) VALUES ('4f076dd0-cf06-4e0d-af35-7f080c21c080','31260ed2-d2b6-404c-82af-045910539ea0','30ef55d3-5bbb-40b5-bed5-2510bb01b68c','Some last as bell.');
INSERT INTO comments (id,user_id,post_id,content) VALUES ('bfe58797-aa7a-4f2a-8e98-27aa6f3ace93','35802b18-5650-45ae-9960-2de3044abbcb','73de4cd4-982d-45f4-af4d-495f239f244a','Mine when toothbrush his.');
INSERT INTO comments (id,user_id,post_id,content) VALUES ('b67a6bf8-b366-42c9-9b01-60217ffdcb6c','9d4ec369-10c0-4f9b-a241-e3adee9f729a','9f58f1ff-98f0-4bbb-8f79-ae6303cba4a7','Way beyond contrast wisdom.');
INSERT INTO comments (id,user_id,post_id,content) VALUES ('dc83a2f8-2ca6-4dfb-be4c-ba6de4c3018f','bc4b3809-2412-494c-b92a-027abd058fc4','61a6490c-244d-42a9-ad25-7e6f54010131','Rarely nightly yikes place.');
INSERT INTO comments (id,user_id,post_id,content) VALUES ('c2697eaf-b3d0-4731-851a-08efef6d2c22','c05471b0-68f1-46f0-a3e5-82d6b24cbc54','650e6489-a834-4e6b-95bd-5ac1c0241704','Their snow eek everybody.');
INSERT INTO comments (id,user_id,post_id,content) VALUES ('b7dc92da-a099-4168-abd5-277dad3c4b1d','9d4ec369-10c0-4f9b-a241-e3adee9f729a','4587376b-433f-419a-ac30-39e41a6488ce','Tomorrow envious lean near.');
INSERT INTO comments (id,user_id,post_id,content) VALUES ('d76d3c27-27e5-4faa-bc48-bb388de31693','adf46ac5-51b3-46d6-9701-cbebd5a6c41a','a90868fb-5766-4d22-8719-60228c1ffaca','Down accordingly your doubtfully.');
INSERT INTO comments (id,user_id,post_id,content) VALUES ('f29e7043-f40b-4ce3-a87f-1baecbbfef3e','8096896e-8483-4a6d-b4b9-0695cdee4512','68e2a501-baf2-4e45-8cf4-bdefca52424e','Catalog how really suspiciously.');
INSERT INTO comments (id,user_id,post_id,content) VALUES ('98c1d2d1-f183-4e66-a42d-35f416242756','2b86c6f3-b58a-4bef-9e4e-d26395142779','bfe7cd70-5977-4058-8ec3-b0cd904a7b5e','Hurt cruel yearly light.');
INSERT INTO comments (id,user_id,post_id,content) VALUES ('58ec8e28-d462-4b52-9542-53d74f532e6b','7d639d96-1332-4536-884a-9e3338f8b968','34cca695-2de1-4c1f-b3bd-1c60bc44b1e1','Which hedge a laugh.');
INSERT INTO comments (id,user_id,post_id,content) VALUES ('12d7b3df-bc49-42b9-95b2-991a4f45b994','967d20b0-7c66-4465-80a2-b52b4f246ef8','6ce1c548-a26c-4c95-8cf1-e96123372e56','Wad Burmese how die.');
INSERT INTO comments (id,user_id,post_id,content) VALUES ('8e225c2c-37a0-4206-b7c7-46a4d0a5b71a','1e091407-a001-4633-9aa6-8d802b4d277d','7db39fd7-8485-4e06-9ad8-060e74e0b23c','This funny joy inquisitively.');
INSERT INTO comments (id,user_id,post_id,content) VALUES ('3d8c4220-b82b-4378-8a17-5354cab78e39','25bd37d1-daf8-4cfb-8812-b51575582a11','35c18256-c814-4ef5-a5c9-ceda76c5e983','Eye fuel mob would.');
INSERT INTO comments (id,user_id,post_id,content) VALUES ('40f834d3-cc37-4ea8-b6eb-74a8bf4a6744','a04ecd53-7644-49ff-b00c-8b0868a19d05','b81f5f73-df8b-4488-a329-f32014c70c1f','Whom go cut why.');
INSERT INTO comments (id,user_id,post_id,content) VALUES ('3780b0c6-6e63-4cbe-8d14-ded3328c3cd3','74a3e3e9-af36-4878-b2fd-d9f4599047b7','6f989510-7e77-4d8f-b101-6d3983d71972','Assistance oops leap preen.');
INSERT INTO comments (id,user_id,post_id,content) VALUES ('1fc7527c-9ebe-4283-9df1-8f19f1bd3d3c','0c2d0964-8640-42d4-811a-8b95799f5277','3bc81e13-cd45-4be2-914a-1efd8bbbe5ea','Because wow patrol hundred.');
INSERT INTO comments (id,user_id,post_id,content) VALUES ('56ee4c26-7041-43b8-b158-517108598e72','c7d8a4d9-ab23-4294-bf72-d42707a72858','6b75b725-d023-45cd-ab49-fccb6549a42b','Use nightly strange caravan.');
INSERT INTO comments (id,user_id,post_id,content) VALUES ('ad939f9e-583b-4535-9ddc-5e5be1f38eb9','226e1d62-84ab-4b70-bcd1-ca308631b0d8','4526bf57-81d4-4626-bfab-e528b5128c58','Out shall ours hey.');
INSERT INTO comments (id,user_id,post_id,content) VALUES ('4f490d15-5f96-4eb6-be09-bacf393d5b27','0130a0a7-d0b4-42fe-b036-ec64aea86fe2','b81f5f73-df8b-4488-a329-f32014c70c1f','Kindness example why generously.');
INSERT INTO comments (id,user_id,post_id,content) VALUES ('d759f5f1-7290-490a-8e60-bb0781fc432e','b6cb85a5-5d27-4d11-98db-25a0c57389ba','f25fe816-b70f-4455-b0ca-22f9f1a36567','Enough phew nearly leggings.');
INSERT INTO comments (id,user_id,post_id,content) VALUES ('d74fcff9-cb0b-47b2-b415-46f9a77d8b7d','fcbc592b-212e-4997-a2fe-f5cfd3aebfab','af5d9705-372f-4fc7-b8de-d7c3616f4a74','Mayan sew much star.');
INSERT INTO comments (id,user_id,post_id,content) VALUES ('7747210f-7237-4ae0-a2d3-018145b7de30','3acb1c3f-0cae-42df-82d7-4009c1c7354e','84c13696-edd7-4d4c-8e21-5891eee370a6','Whose without what bathe.');
INSERT INTO comments (id,user_id,post_id,content) VALUES ('12e7721e-8860-4110-85ce-87512655603b','14afe3aa-23f9-4308-80b0-caa824e522bb','dcc17c41-ffd0-4706-8630-a10b2773e94b','Next many conclude childhood.');
INSERT INTO comments (id,user_id,post_id,content) VALUES ('c96f8a01-423f-471e-95aa-87aa588f4ab3','8f6edc63-e5f2-49e3-8c7d-b1264c5876fb','35c18256-c814-4ef5-a5c9-ceda76c5e983','Being cautious those mustering.');
INSERT INTO comments (id,user_id,post_id,content) VALUES ('3911fb81-09eb-4bb2-ba47-829c17950e37','9b4f2e20-976c-4ef4-b12d-85974af41ce4','4f1dc913-327d-43e4-9824-19cd48978b73','Shall most each strike.');
INSERT INTO comments (id,user_id,post_id,content) VALUES ('81afcd5b-4423-4900-8413-5b582afcb814','9829ed68-1dce-437b-b46d-61e23a0ab3bb','4f0c20d4-065b-4f79-a4bd-320b5fa8e69c','Stand may Senegalese why.');
INSERT INTO comments (id,user_id,post_id,content) VALUES ('fb048829-ba35-4330-bd74-23a6f6e185b0','967d20b0-7c66-4465-80a2-b52b4f246ef8','daae9cdf-4baa-47b1-8822-e9a35b13bcfc','Themselves stack his in.');
INSERT INTO comments (id,user_id,post_id,content) VALUES ('dc1e5511-25b9-4c25-a102-37ea3466646c','3338b1ac-ba38-4d21-983e-23187d6bb39f','650e6489-a834-4e6b-95bd-5ac1c0241704','Hourly late everybody last.');
INSERT INTO comments (id,user_id,post_id,content) VALUES ('8c1bf365-5b52-4e44-a92b-4e2e674b459c','8f6edc63-e5f2-49e3-8c7d-b1264c5876fb','2a2009b5-1e42-4dba-919c-befaeb3d4dd2','Caesarian half tonight problem.');
INSERT INTO comments (id,user_id,post_id,content) VALUES ('4b7ed258-f66f-4817-a9aa-0cde14610033','8f6edc63-e5f2-49e3-8c7d-b1264c5876fb','f25fe816-b70f-4455-b0ca-22f9f1a36567','Be from alas such.');
INSERT INTO comments (id,user_id,post_id,content) VALUES ('9222ace4-362d-4347-8560-4fa8448c36a1','218def2e-835f-42bb-ba49-df00dd498efa','23a9a6af-64d6-441b-9169-b5b9a68f38f9','Thai before brother hourly.');
INSERT INTO comments (id,user_id,post_id,content) VALUES ('eb9c47fa-ccd0-43d9-9e6f-1e1ece4f0b3e','2b86c6f3-b58a-4bef-9e4e-d26395142779','35c88c51-5a8d-4e00-852a-2ceb44c65728','Occur beyond your backwards.');
INSERT INTO comments (id,user_id,post_id,content) VALUES ('87b9a532-51ad-4964-a6a5-49fa6414a7e9','729745bc-486f-4eae-a34c-e943d727b6c6','fabcd2a9-c7fc-4a68-a46c-436723ab8c1a','Eye but indeed punctually.');
INSERT INTO comments (id,user_id,post_id,content) VALUES ('b5eb1e69-2474-4baf-8d95-4022465ecddc','87b474d2-0ac4-4fd3-9264-f54274f2aa82','ba02bcee-6bdf-4650-b3f2-929f9658cef7','It which entertain might.');
INSERT INTO comments (id,user_id,post_id,content) VALUES ('26aa8e1e-7aba-4404-ad49-611e4d00ccf9','07444b16-df5d-4b39-86d8-b8aaebe7ed4a','7aa9dad3-a12a-4ae7-8b14-54a746a3f735','Sari whoa hers army.');
INSERT INTO comments (id,user_id,post_id,content) VALUES ('d0bad9fb-940f-4672-b51a-aa026e25e462','e9319ef7-dd5d-4775-ac61-0557edd91e84','94a9a890-799d-471c-8c2a-79011c6fba1e','Yearly speedily till below.');
INSERT INTO comments (id,user_id,post_id,content) VALUES ('66515779-7f26-4dc1-b854-25f731a59afb','a2613ca5-09cd-4d74-b37c-fe1eed5a1289','2b56bd66-0f17-47b8-b7bb-4c79b33994a2','Where which hourly yesterday.');
INSERT INTO comments (id,user_id,post_id,content) VALUES ('5fb51aff-9fc5-4deb-aa00-532783b99d39','fd635991-9ac0-458d-9ead-90d3a82b7382','8dfb31ca-b5b6-4f14-a20a-3a41cfe80948','We previously unexpectedly he.');
INSERT INTO comments (id,user_id,post_id,content) VALUES ('80375d10-7f81-4771-9bd9-3bf9b862a190','604cdae0-9f05-4604-b06d-8c3ee15780c5','9f58f1ff-98f0-4bbb-8f79-ae6303cba4a7','All yearly for his.');
INSERT INTO comments (id,user_id,post_id,content) VALUES ('7a76b7d6-63e9-4700-8ba2-dccab98fcbcc','7d79bf22-0970-4afb-8948-f824ef7c74a9','bc40f138-8f72-42a9-8bd5-5c3521de3f9a','Everyone fly upon it.');
INSERT INTO comments (id,user_id,post_id,content) VALUES ('cd2b30b9-6a93-4c03-8b08-2243047eae46','ae9123ae-7a6d-4f18-bf4b-791728588d2c','53108f1f-1bad-4d86-a004-7e934438d522','Since after with quarterly.');
INSERT INTO comments (id,user_id,post_id,content) VALUES ('aee4434a-e830-497c-87da-caa5e9b83131','a74e8fe8-9b7f-4cbb-abd2-806af7316668','8a3b6478-0b3f-4086-bc53-c7837822a50f','That eye bunch these.');
INSERT INTO comments (id,user_id,post_id,content) VALUES ('d3833cdd-e3c1-42b3-90a2-61b016a72282','98e172e5-3672-481b-87e3-f48df7c13983','6ad5fd37-25ba-491f-b1fd-6c80e842f004','Perfectly could incredibly work.');
INSERT INTO comments (id,user_id,post_id,content) VALUES ('2a34c74c-45d9-44a3-8c68-b2ef4fb093aa','fd178272-9790-4512-8144-8904126b747d','32b91df9-a5b1-403a-9242-3f914134ef6c','Castle doubtfully several hourly.');
INSERT INTO comments (id,user_id,post_id,content) VALUES ('4cb5c4a5-ca55-40db-aae7-60e848e8047b','9218afb5-cd23-45d2-ae54-706580bd53ef','23a9a6af-64d6-441b-9169-b5b9a68f38f9','Then powerfully he himself.');
INSERT INTO comments (id,user_id,post_id,content) VALUES ('cadb054e-4e1d-4267-91e5-f1d227a6f0a2','365c696a-9d55-4f2b-acf4-a4d99c8031df','7aa9dad3-a12a-4ae7-8b14-54a746a3f735','Over I bathe just.');
INSERT INTO comments (id,user_id,post_id,content) VALUES ('0c9007bf-1b98-45bc-a6a2-ed51d528f368','3c0d77aa-c534-417c-8a5e-59ca07009586','c2166c33-c00e-42ea-8a03-061360f76889','Bow everyone secondly there.');
INSERT INTO comments (id,user_id,post_id,content) VALUES ('74b643ae-1817-420d-a19b-002ec461a6b0','07444b16-df5d-4b39-86d8-b8aaebe7ed4a','af5d9705-372f-4fc7-b8de-d7c3616f4a74','She ours did marriage.');
INSERT INTO comments (id,user_id,post_id,content) VALUES ('7ff992ff-8215-4e56-8cbd-c9453fe9a99a','6cca8602-a9e5-4e8c-b607-8ea96bf2a501','71f12b09-e784-49e2-876e-110efa11211b','Lastly its by anything.');
INSERT INTO comments (id,user_id,post_id,content) VALUES ('294ea1a9-530d-4b73-9615-f1849671cd78','adf46ac5-51b3-46d6-9701-cbebd5a6c41a','71f12b09-e784-49e2-876e-110efa11211b','My an besides taste.');
INSERT INTO comments (id,user_id,post_id,content) VALUES ('cd9bd59c-7f0f-4ff5-a249-a22467391db6','14afe3aa-23f9-4308-80b0-caa824e522bb','71f12b09-e784-49e2-876e-110efa11211b','Donkey hail softly person.');
INSERT INTO comments (id,user_id,post_id,content) VALUES ('35be76f5-42ac-40c5-88a6-39a7d0ea29bd','31260ed2-d2b6-404c-82af-045910539ea0','35c18256-c814-4ef5-a5c9-ceda76c5e983','Peace how somebody you.');
INSERT INTO comments (id,user_id,post_id,content) VALUES ('080d7045-6249-4d8e-95f9-c410b5ba3919','32ae194a-76d4-448f-9e1b-8c0aefd34ad5','8dfb31ca-b5b6-4f14-a20a-3a41cfe80948','Concerning when Madagascan where.');
INSERT INTO comments (id,user_id,post_id,content) VALUES ('7384553d-018b-495d-8ec3-083dcf0cc47d','ba8afd8c-5dd5-4cd3-afec-73e0bd3d8176','a90868fb-5766-4d22-8719-60228c1ffaca','As in pack string.');
INSERT INTO comments (id,user_id,post_id,content) VALUES ('b5c9b243-0ae5-4f6b-a909-a40f2c44b030','9b4f2e20-976c-4ef4-b12d-85974af41ce4','9f4ec146-0fbb-42a4-b7f8-9f4db8cfcc29','Are constantly yet they.');
INSERT INTO comments (id,user_id,post_id,content) VALUES ('5ef6ba35-b792-42ee-829f-999d2fbc6a2c','4cfd0691-8d9e-4932-aca0-a2f48ef5ff28','7464c8e6-5518-4425-85bf-1e1b31812a48','It vivaciously an company.');
INSERT INTO comments (id,user_id,post_id,content) VALUES ('b7d33714-f5f0-4282-bae9-16f4ae9bab73','cf7ee55d-daf7-48c8-8067-2e7e22a7caa7','154da2a7-0acd-49f8-9d71-1cb1de501f8d','Week her being utterly.');
INSERT INTO comments (id,user_id,post_id,content) VALUES ('1b350b52-eb6d-4340-888c-2839156a21cb','eb36bc2d-4045-474b-9a97-b088206e4673','f25fe816-b70f-4455-b0ca-22f9f1a36567','These whom himself whomever.');
INSERT INTO comments (id,user_id,post_id,content) VALUES ('9f762129-61be-4caa-a7c5-cc2612df322e','2e66d94e-49d7-4d9d-9edb-f1e3270bd972','2b56bd66-0f17-47b8-b7bb-4c79b33994a2','Which an elsewhere knowledge.');
INSERT INTO comments (id,user_id,post_id,content) VALUES ('577eb37f-07af-43e2-8f9d-a2eb7e93ff06','01bc846e-95de-4a62-9eb8-f4346e4945b1','7db39fd7-8485-4e06-9ad8-060e74e0b23c','That do then heat.');
INSERT INTO comments (id,user_id,post_id,content) VALUES ('cb7b9bd6-3c5e-41aa-b026-a8e430c974be','e9319ef7-dd5d-4775-ac61-0557edd91e84','4587376b-433f-419a-ac30-39e41a6488ce','Only theirs who that.');
INSERT INTO comments (id,user_id,post_id,content) VALUES ('d4dca67e-5e54-43a2-a230-6119e35c2d90','604cdae0-9f05-4604-b06d-8c3ee15780c5','54a631f4-cb14-42ff-b708-35a208ae1f11','Each one your switch.');
INSERT INTO comments (id,user_id,post_id,content) VALUES ('0acc0353-f7bf-4325-88ec-f6a1092ff311','74a3e3e9-af36-4878-b2fd-d9f4599047b7','1a8acef2-ed8b-4dc8-be82-933c005aa79a','Annually myself formerly instance.');
INSERT INTO comments (id,user_id,post_id,content) VALUES ('edda68c3-7725-47c4-bb80-064cd5313db7','3acb1c3f-0cae-42df-82d7-4009c1c7354e','84c13696-edd7-4d4c-8e21-5891eee370a6','Today to you each.');
INSERT INTO comments (id,user_id,post_id,content) VALUES ('2e550fca-e7ff-4639-a4c1-322aaf97e382','bc4b3809-2412-494c-b92a-027abd058fc4','bfe7cd70-5977-4058-8ec3-b0cd904a7b5e','Understanding their from seldom.');
INSERT INTO comments (id,user_id,post_id,content) VALUES ('61f6668d-6ef8-4c76-a521-e9c8447832bc','c73d0442-7281-423a-a835-67932639d586','f5eae8e7-e5a4-4a59-a5b3-2515bdabaa14','So whose poison ourselves.');
INSERT INTO comments (id,user_id,post_id,content) VALUES ('6e3781d8-feb8-4666-b197-813de104d6fe','98e172e5-3672-481b-87e3-f48df7c13983','4f0c20d4-065b-4f79-a4bd-320b5fa8e69c','Him due myself rudely.');
INSERT INTO comments (id,user_id,post_id,content) VALUES ('92170965-e9ce-4720-97c5-417c7150d04b','bae27480-6d20-4a62-8742-91317d339ec9','7db39fd7-8485-4e06-9ad8-060e74e0b23c','That whose how catch.');
INSERT INTO comments (id,user_id,post_id,content) VALUES ('ca0b5724-965e-4829-b14f-011a860a40b4','74a3e3e9-af36-4878-b2fd-d9f4599047b7','bc40f138-8f72-42a9-8bd5-5c3521de3f9a','Whichever my Cormoran accordingly.');
INSERT INTO comments (id,user_id,post_id,content) VALUES ('5e640a3b-f1df-4e5b-9248-6dc8f55e7d46','31260ed2-d2b6-404c-82af-045910539ea0','f99d8eb6-6a6f-433c-a5b7-4f37dfce1c5f','Her talk east alone.');
INSERT INTO comments (id,user_id,post_id,content) VALUES ('5763e672-a90f-4106-8500-86648dbb07af','31260ed2-d2b6-404c-82af-045910539ea0','bc40f138-8f72-42a9-8bd5-5c3521de3f9a','Already light been whose.');
INSERT INTO comments (id,user_id,post_id,content) VALUES ('411ab893-a157-46a5-8a35-dc867b476bc9','3c0d77aa-c534-417c-8a5e-59ca07009586','d199c631-1100-4082-a034-e8792e1093f0','Beethovenian tonight tonight preen.');
INSERT INTO comments (id,user_id,post_id,content) VALUES ('a0ca01dd-3839-48f5-9c48-f9e4707a7e89','b6cb85a5-5d27-4d11-98db-25a0c57389ba','2b5959dc-d7d3-4c9c-97d3-48cc69a787d5','Film from yesterday knit.');
INSERT INTO comments (id,user_id,post_id,content) VALUES ('dfb40c67-0245-4913-b0a3-f93faed67574','2c37a9a8-680d-497f-8e75-5bb7c6b7e1c8','fabcd2a9-c7fc-4a68-a46c-436723ab8c1a','Previously its themselves when.');
INSERT INTO comments (id,user_id,post_id,content) VALUES ('43784006-978c-416e-bdc0-0ecad1d6961d','1f305e8e-bfdd-4b2b-857f-a38101c930ef','a7e8c4b5-ef08-4aee-9b21-a69c7c7627d6','Few dress pray be.');
INSERT INTO comments (id,user_id,post_id,content) VALUES ('2409c583-f317-48dd-af60-edbacc609448','8a9323b2-dfcd-4688-8127-8ec76b8009dc','0a62ba27-bced-4efc-9060-e201c8c290d6','Above firstly neither this.');
INSERT INTO comments (id,user_id,post_id,content) VALUES ('e1f9b872-b4ac-43ba-810a-db0b14c1ceb8','3d5291e3-099e-4562-b934-13a2de9163ed','2bca6c40-b5f1-4fb8-971a-133516cc582d','Where in away pair.');
INSERT INTO comments (id,user_id,post_id,content) VALUES ('5fe743d7-08bd-4646-9477-1f895b82bd21','b132cd79-38e0-4450-b8cd-6b40c6b0cedd','d199c631-1100-4082-a034-e8792e1093f0','Everything elegant effect is.');
INSERT INTO comments (id,user_id,post_id,content) VALUES ('2b977503-cd3f-45dd-8214-7ece8720c52b','9d43a9b4-f60a-497b-ad16-4ac0a642fe27','1a8acef2-ed8b-4dc8-be82-933c005aa79a','Then hurt theirs rain.');
INSERT INTO comments (id,user_id,post_id,content) VALUES ('ff17d7a6-6435-4b0f-bb0c-8c8a1ab7af5e','8aa49c75-9c45-41f0-b9ff-2f8230125c0c','233575ef-b20d-475f-8086-2e3443d36423','Hand loosely e.g. Finnish.');
INSERT INTO comments (id,user_id,post_id,content) VALUES ('7cf095ea-dbd4-4769-9769-240510c7aa7a','df85b1fa-457e-407d-b4fa-01a9b33bc71d','66d27149-9dcd-48d9-866d-8d1b72a09468','Where lot well seldom.');
INSERT INTO comments (id,user_id,post_id,content) VALUES ('0ce367c0-96e1-47fa-bbe2-2438358f119f','7d639d96-1332-4536-884a-9e3338f8b968','2b5959dc-d7d3-4c9c-97d3-48cc69a787d5','Cost after monthly tonight.');
INSERT INTO comments (id,user_id,post_id,content) VALUES ('59c74f51-7fd5-46ce-9540-8154436e359a','35802b18-5650-45ae-9960-2de3044abbcb','66d27149-9dcd-48d9-866d-8d1b72a09468','However luck gee those.');
INSERT INTO comments (id,user_id,post_id,content) VALUES ('9906ab26-d3d7-4651-aa7a-840534ffbdc8','1e091407-a001-4633-9aa6-8d802b4d277d','704a0ee3-0520-42ad-992a-0735c93a7819','Those which toes nevertheless.');
INSERT INTO comments (id,user_id,post_id,content) VALUES ('8e41dfa5-1ab9-42dd-9742-cee65f713be0','14afe3aa-23f9-4308-80b0-caa824e522bb','bfe7cd70-5977-4058-8ec3-b0cd904a7b5e','Rudely his park case.');
INSERT INTO comments (id,user_id,post_id,content) VALUES ('5ff40c05-62c5-4cdd-b8c5-bfa127790231','8f6edc63-e5f2-49e3-8c7d-b1264c5876fb','710886ea-db1b-4b33-a6e8-156235d4e97d','This who road Iraqi.');
INSERT INTO comments (id,user_id,post_id,content) VALUES ('1a568f76-4b60-4ada-9b4f-ac4ca59f6870','3acb1c3f-0cae-42df-82d7-4009c1c7354e','898fd5dd-b5a8-4448-b0cd-917c11cd4004','Child instead yesterday we.');
INSERT INTO comments (id,user_id,post_id,content) VALUES ('e13e6678-41dc-4d8e-ae6f-e6946e20a6aa','2c37a9a8-680d-497f-8e75-5bb7c6b7e1c8','8586bcef-c0ee-484c-8553-fd77618e9905','Jump has person eye.');
INSERT INTO comments (id,user_id,post_id,content) VALUES ('684e2287-a102-4992-a8e4-3b72c2e21ac6','b6cb85a5-5d27-4d11-98db-25a0c57389ba','154da2a7-0acd-49f8-9d71-1cb1de501f8d','City cry which yourselves.');
INSERT INTO comments (id,user_id,post_id,content) VALUES ('21757ea9-ab3f-433b-869d-967772ddd868','fb39f665-1194-46dc-9b73-2f1a25315769','53108f1f-1bad-4d86-a004-7e934438d522','For to all swing.');
INSERT INTO comments (id,user_id,post_id,content) VALUES ('18b14327-7b8a-4936-9d70-dc4acefdf133','4bd5da30-9f84-4740-85ec-4cf28d5d390e','ba02bcee-6bdf-4650-b3f2-929f9658cef7','Not life his anything.');
INSERT INTO comments (id,user_id,post_id,content) VALUES ('12643e32-1882-430d-bf49-f8029e441b46','2b86c6f3-b58a-4bef-9e4e-d26395142779','704a0ee3-0520-42ad-992a-0735c93a7819','To rice ours who.');
INSERT INTO comments (id,user_id,post_id,content) VALUES ('3059fe20-f756-4261-a0fc-167e63201001','9829ed68-1dce-437b-b46d-61e23a0ab3bb','650e6489-a834-4e6b-95bd-5ac1c0241704','Anything ours mine write.');

INSERT INTO comment_likes (id,user_id,comment_id) VALUES ('777ef0b8-68b7-4dcd-bdfd-e708affa53b8','3acb1c3f-0cae-42df-82d7-4009c1c7354e','3911fb81-09eb-4bb2-ba47-829c17950e37');
INSERT INTO comment_likes (id,user_id,comment_id) VALUES ('21a22c34-19ba-496e-9e85-6ebed00f50bd','df85b1fa-457e-407d-b4fa-01a9b33bc71d','2e550fca-e7ff-4639-a4c1-322aaf97e382');
INSERT INTO comment_likes (id,user_id,comment_id) VALUES ('ffef9733-26cc-42ca-b391-1b87fa7664b3','cf7ee55d-daf7-48c8-8067-2e7e22a7caa7','cb7b9bd6-3c5e-41aa-b026-a8e430c974be');
INSERT INTO comment_likes (id,user_id,comment_id) VALUES ('34f9a7b6-0ae3-444c-b521-aa8875579edd','32ae194a-76d4-448f-9e1b-8c0aefd34ad5','b7dc92da-a099-4168-abd5-277dad3c4b1d');
INSERT INTO comment_likes (id,user_id,comment_id) VALUES ('1b9d18a7-320c-43ba-a646-151496b5c432','df85b1fa-457e-407d-b4fa-01a9b33bc71d','35be76f5-42ac-40c5-88a6-39a7d0ea29bd');
INSERT INTO comment_likes (id,user_id,comment_id) VALUES ('e42b236d-2cae-4c48-a03c-180c9965c659','14413deb-91f6-4119-b335-4f9b89b4a465','d759f5f1-7290-490a-8e60-bb0781fc432e');
INSERT INTO comment_likes (id,user_id,comment_id) VALUES ('2a0a90a2-bdbe-45a1-9805-0312d411c337','ae9123ae-7a6d-4f18-bf4b-791728588d2c','cd9bd59c-7f0f-4ff5-a249-a22467391db6');
INSERT INTO comment_likes (id,user_id,comment_id) VALUES ('b194c83f-c882-4c14-a519-a67c81d5a88a','226e1d62-84ab-4b70-bcd1-ca308631b0d8','5fe743d7-08bd-4646-9477-1f895b82bd21');
INSERT INTO comment_likes (id,user_id,comment_id) VALUES ('881dcb0a-6663-473e-836c-9ee126b66df7','9e40a1b4-b987-4fd8-9449-010850bef5bc','411ab893-a157-46a5-8a35-dc867b476bc9');
INSERT INTO comment_likes (id,user_id,comment_id) VALUES ('74e6ce8e-a650-4ed2-b449-d83848a1fb44','01bc846e-95de-4a62-9eb8-f4346e4945b1','4f076dd0-cf06-4e0d-af35-7f080c21c080');
INSERT INTO comment_likes (id,user_id,comment_id) VALUES ('4c2ee400-f8e2-44aa-868c-83fed03af208','11afcf26-3348-49c9-a88f-59b5d35cd061','cd2b30b9-6a93-4c03-8b08-2243047eae46');
INSERT INTO comment_likes (id,user_id,comment_id) VALUES ('cc6d0dfa-3226-4e01-84bf-4ba1b54d4981','3acb1c3f-0cae-42df-82d7-4009c1c7354e','b5c9b243-0ae5-4f6b-a909-a40f2c44b030');
INSERT INTO comment_likes (id,user_id,comment_id) VALUES ('a08f4330-8a3d-4708-98a1-0f322bd70348','604cdae0-9f05-4604-b06d-8c3ee15780c5','0ce367c0-96e1-47fa-bbe2-2438358f119f');
INSERT INTO comment_likes (id,user_id,comment_id) VALUES ('0df8245c-bd54-4aba-9c18-6412fc31db7b','0130a0a7-d0b4-42fe-b036-ec64aea86fe2','eb9c47fa-ccd0-43d9-9e6f-1e1ece4f0b3e');
INSERT INTO comment_likes (id,user_id,comment_id) VALUES ('fdf89c1b-54d0-4c12-b6f1-a7f951d2fb71','4cfd0691-8d9e-4932-aca0-a2f48ef5ff28','58ec8e28-d462-4b52-9542-53d74f532e6b');
INSERT INTO comment_likes (id,user_id,comment_id) VALUES ('1fbd40f8-94e1-4b3a-aac9-cbf8d991d561','01bc846e-95de-4a62-9eb8-f4346e4945b1','5fe743d7-08bd-4646-9477-1f895b82bd21');
INSERT INTO comment_likes (id,user_id,comment_id) VALUES ('6f1979a1-ec79-4195-9a24-35e74f904d3a','47ef8447-5f6a-4ac7-8956-d6a081b34138','56ee4c26-7041-43b8-b158-517108598e72');
INSERT INTO comment_likes (id,user_id,comment_id) VALUES ('93ba041d-bf7a-437d-ad24-a3042f3bad19','604cdae0-9f05-4604-b06d-8c3ee15780c5','dc83a2f8-2ca6-4dfb-be4c-ba6de4c3018f');
INSERT INTO comment_likes (id,user_id,comment_id) VALUES ('4a5dd531-237e-4fd9-aedc-7be44da3b889','0176e07e-adef-479e-9e18-1e0dd0b008ed','7cf095ea-dbd4-4769-9769-240510c7aa7a');
INSERT INTO comment_likes (id,user_id,comment_id) VALUES ('d42e332e-9c45-486d-8517-5d4b27fa9ad1','fb39f665-1194-46dc-9b73-2f1a25315769','66515779-7f26-4dc1-b854-25f731a59afb');
INSERT INTO comment_likes (id,user_id,comment_id) VALUES ('3aaafef1-5d2a-4d37-89c8-01f2e8aefb7d','7d639d96-1332-4536-884a-9e3338f8b968','98c1d2d1-f183-4e66-a42d-35f416242756');
INSERT INTO comment_likes (id,user_id,comment_id) VALUES ('6e488190-52ca-4a28-8945-162eb26c41f9','01bc846e-95de-4a62-9eb8-f4346e4945b1','dfb40c67-0245-4913-b0a3-f93faed67574');
INSERT INTO comment_likes (id,user_id,comment_id) VALUES ('06ff747f-3bd0-417f-9c18-f19958aaeaaf','4bd5da30-9f84-4740-85ec-4cf28d5d390e','080d7045-6249-4d8e-95f9-c410b5ba3919');
INSERT INTO comment_likes (id,user_id,comment_id) VALUES ('056c32b2-3a1b-4a4b-84be-64d465b1b790','bc4b3809-2412-494c-b92a-027abd058fc4','e930ee8b-acfa-4b38-a6b5-789989c5ad32');
INSERT INTO comment_likes (id,user_id,comment_id) VALUES ('2477f08e-12b0-4a65-b581-e0f942e53d0a','a74e8fe8-9b7f-4cbb-abd2-806af7316668','12643e32-1882-430d-bf49-f8029e441b46');
INSERT INTO comment_likes (id,user_id,comment_id) VALUES ('f1c96bb7-4a32-4510-b7bd-259317fa6513','32ae194a-76d4-448f-9e1b-8c0aefd34ad5','9f762129-61be-4caa-a7c5-cc2612df322e');
INSERT INTO comment_likes (id,user_id,comment_id) VALUES ('6b2538df-3257-4450-bdda-13234b45b11f','9d4ec369-10c0-4f9b-a241-e3adee9f729a','5763e672-a90f-4106-8500-86648dbb07af');
INSERT INTO comment_likes (id,user_id,comment_id) VALUES ('a48dc82d-9d50-49e7-8683-a355f3a2b9b6','c31fbd23-384f-4a69-adc8-15f1e36bc161','e1f9b872-b4ac-43ba-810a-db0b14c1ceb8');
INSERT INTO comment_likes (id,user_id,comment_id) VALUES ('4b7d560d-c371-4857-9622-6859dae495aa','604cdae0-9f05-4604-b06d-8c3ee15780c5','a0ca01dd-3839-48f5-9c48-f9e4707a7e89');
INSERT INTO comment_likes (id,user_id,comment_id) VALUES ('645132fa-0581-487a-8792-27ac7fc2a8e1','87b474d2-0ac4-4fd3-9264-f54274f2aa82','81afcd5b-4423-4900-8413-5b582afcb814');
INSERT INTO comment_likes (id,user_id,comment_id) VALUES ('83fc6855-8ae1-4871-b6e5-752bf12c4ab1','b6cb85a5-5d27-4d11-98db-25a0c57389ba','5fe743d7-08bd-4646-9477-1f895b82bd21');
INSERT INTO comment_likes (id,user_id,comment_id) VALUES ('a6aa837e-be7e-4d6f-897d-f76d8bc5000c','87b474d2-0ac4-4fd3-9264-f54274f2aa82','5ff40c05-62c5-4cdd-b8c5-bfa127790231');
INSERT INTO comment_likes (id,user_id,comment_id) VALUES ('6ddcd830-d5bc-460e-bf57-a8c79f40a444','1f305e8e-bfdd-4b2b-857f-a38101c930ef','80375d10-7f81-4771-9bd9-3bf9b862a190');
INSERT INTO comment_likes (id,user_id,comment_id) VALUES ('76b83753-00f6-4b97-8142-acf1267c0c3e','b6cb85a5-5d27-4d11-98db-25a0c57389ba','1fc7527c-9ebe-4283-9df1-8f19f1bd3d3c');
INSERT INTO comment_likes (id,user_id,comment_id) VALUES ('baae7167-0089-4ee1-a9a6-22e04af9d1c0','79575547-6086-4685-9673-20378c709b86','66515779-7f26-4dc1-b854-25f731a59afb');
INSERT INTO comment_likes (id,user_id,comment_id) VALUES ('581ac86e-b71a-499c-823f-5bf01f82af28','a04ecd53-7644-49ff-b00c-8b0868a19d05','21757ea9-ab3f-433b-869d-967772ddd868');
INSERT INTO comment_likes (id,user_id,comment_id) VALUES ('56009132-01ea-4026-8b6f-6d2570d8baba','bc4b3809-2412-494c-b92a-027abd058fc4','294ea1a9-530d-4b73-9615-f1849671cd78');
INSERT INTO comment_likes (id,user_id,comment_id) VALUES ('1900ebd5-6f9e-4b89-a000-b52e6c3ccb34','54aadc77-19b0-4ffb-bfa2-972ca8a4db3b','d3833cdd-e3c1-42b3-90a2-61b016a72282');
INSERT INTO comment_likes (id,user_id,comment_id) VALUES ('7a0284dd-05b0-4a05-9d15-38ac5711cc55','2c37a9a8-680d-497f-8e75-5bb7c6b7e1c8','56ee4c26-7041-43b8-b158-517108598e72');
INSERT INTO comment_likes (id,user_id,comment_id) VALUES ('5e3b8698-ed00-4e78-b817-64872c1ee0d9','9218afb5-cd23-45d2-ae54-706580bd53ef','3059fe20-f756-4261-a0fc-167e63201001');
INSERT INTO comment_likes (id,user_id,comment_id) VALUES ('6f495713-e78e-4c50-8f21-cd4fb5dfb0dd','adf46ac5-51b3-46d6-9701-cbebd5a6c41a','f29e7043-f40b-4ce3-a87f-1baecbbfef3e');
INSERT INTO comment_likes (id,user_id,comment_id) VALUES ('1ce6f281-69ad-4c92-b60a-bfeb8b5f1c45','817e006f-8b9e-4a1b-a132-d37b64cf3192','bfe58797-aa7a-4f2a-8e98-27aa6f3ace93');
INSERT INTO comment_likes (id,user_id,comment_id) VALUES ('626d02a5-3088-422a-95dd-8490b245fe81','8aa49c75-9c45-41f0-b9ff-2f8230125c0c','7a76b7d6-63e9-4700-8ba2-dccab98fcbcc');
INSERT INTO comment_likes (id,user_id,comment_id) VALUES ('9c286e75-b6c9-4c87-b5d9-3c5cd053fe0f','cf7ee55d-daf7-48c8-8067-2e7e22a7caa7','61f6668d-6ef8-4c76-a521-e9c8447832bc');
INSERT INTO comment_likes (id,user_id,comment_id) VALUES ('83abec7b-99ed-4221-9eb8-36998b243189','9d4ec369-10c0-4f9b-a241-e3adee9f729a','f29e7043-f40b-4ce3-a87f-1baecbbfef3e');
INSERT INTO comment_likes (id,user_id,comment_id) VALUES ('6236f618-9795-433b-8635-058036d2b2e6','9e40a1b4-b987-4fd8-9449-010850bef5bc','5763e672-a90f-4106-8500-86648dbb07af');
INSERT INTO comment_likes (id,user_id,comment_id) VALUES ('3ce986ec-1ad8-4515-b14b-df1da295d864','79575547-6086-4685-9673-20378c709b86','e10595c6-2dfa-4e4d-aa68-c7c6ef10c6cf');
INSERT INTO comment_likes (id,user_id,comment_id) VALUES ('62fc3dd8-fb02-42e1-8717-b6426fbe52c2','f67f0ea0-2359-458d-82b7-23d7a5ff4c7b','12643e32-1882-430d-bf49-f8029e441b46');
INSERT INTO comment_likes (id,user_id,comment_id) VALUES ('c03d2d45-1bea-4b5d-a597-070df46ce115','bc4b3809-2412-494c-b92a-027abd058fc4','0ce367c0-96e1-47fa-bbe2-2438358f119f');
INSERT INTO comment_likes (id,user_id,comment_id) VALUES ('97399491-55cf-4a5f-84a8-11fdfdf64c56','fd178272-9790-4512-8144-8904126b747d','9f762129-61be-4caa-a7c5-cc2612df322e');
INSERT INTO comment_likes (id,user_id,comment_id) VALUES ('e280b59a-cfbb-4e02-bcfc-f0cd5579bce1','51a3c11e-2911-4a6b-894b-e05c61590180','7384553d-018b-495d-8ec3-083dcf0cc47d');
INSERT INTO comment_likes (id,user_id,comment_id) VALUES ('739f85c8-fab2-4e71-8223-6fff746340f7','967d20b0-7c66-4465-80a2-b52b4f246ef8','9222ace4-362d-4347-8560-4fa8448c36a1');
INSERT INTO comment_likes (id,user_id,comment_id) VALUES ('aa011a0e-bf7d-44c9-add1-186482aec983','8f6edc63-e5f2-49e3-8c7d-b1264c5876fb','684e2287-a102-4992-a8e4-3b72c2e21ac6');
INSERT INTO comment_likes (id,user_id,comment_id) VALUES ('0526c6ed-8972-4855-904c-250c732ae5a8','f67f0ea0-2359-458d-82b7-23d7a5ff4c7b','5ff40c05-62c5-4cdd-b8c5-bfa127790231');
INSERT INTO comment_likes (id,user_id,comment_id) VALUES ('f7774a07-fbe5-4fe6-8f43-e1cbe0bcfee3','729745bc-486f-4eae-a34c-e943d727b6c6','080d7045-6249-4d8e-95f9-c410b5ba3919');
INSERT INTO comment_likes (id,user_id,comment_id) VALUES ('cd7dbb2f-66e8-4013-bf12-df95a3921d08','df85b1fa-457e-407d-b4fa-01a9b33bc71d','66515779-7f26-4dc1-b854-25f731a59afb');
INSERT INTO comment_likes (id,user_id,comment_id) VALUES ('858fcb34-835e-449f-ae0b-eb2568bd75de','e9319ef7-dd5d-4775-ac61-0557edd91e84','66515779-7f26-4dc1-b854-25f731a59afb');
INSERT INTO comment_likes (id,user_id,comment_id) VALUES ('18d5e854-1de8-43c9-807e-b4ad682d17a3','8a9323b2-dfcd-4688-8127-8ec76b8009dc','8e41dfa5-1ab9-42dd-9742-cee65f713be0');
INSERT INTO comment_likes (id,user_id,comment_id) VALUES ('b7a1ead1-581d-4052-8928-6cfcadeecebf','d84384de-d807-4365-a894-d8101753e266','3780b0c6-6e63-4cbe-8d14-ded3328c3cd3');
INSERT INTO comment_likes (id,user_id,comment_id) VALUES ('5d979bce-fab4-4b99-8f52-bf0a502ab74f','1e091407-a001-4633-9aa6-8d802b4d277d','b7dc92da-a099-4168-abd5-277dad3c4b1d');
INSERT INTO comment_likes (id,user_id,comment_id) VALUES ('136b8dbb-ed27-48ab-8881-7a019d7d56aa','9d4ec369-10c0-4f9b-a241-e3adee9f729a','12e7721e-8860-4110-85ce-87512655603b');
INSERT INTO comment_likes (id,user_id,comment_id) VALUES ('ce5a736a-abdc-4e19-9fb5-dbc509c32aa0','74a3e3e9-af36-4878-b2fd-d9f4599047b7','1fc7527c-9ebe-4283-9df1-8f19f1bd3d3c');
INSERT INTO comment_likes (id,user_id,comment_id) VALUES ('8d296148-0296-49cf-a9c3-a4a8ff273626','8096896e-8483-4a6d-b4b9-0695cdee4512','35be76f5-42ac-40c5-88a6-39a7d0ea29bd');
INSERT INTO comment_likes (id,user_id,comment_id) VALUES ('59ff7e87-9914-4332-819c-745f974e966d','f5b7f836-6c78-4a2f-b19e-f74960851b2e','aee4434a-e830-497c-87da-caa5e9b83131');
INSERT INTO comment_likes (id,user_id,comment_id) VALUES ('2fe5073d-1e58-4051-b236-ef25d40e8503','c31fbd23-384f-4a69-adc8-15f1e36bc161','98c1d2d1-f183-4e66-a42d-35f416242756');
INSERT INTO comment_likes (id,user_id,comment_id) VALUES ('c02f3635-c70b-48fa-971b-d40b2bf4c301','59f9d468-25de-45c7-914a-fa37c7f6056a','4b7ed258-f66f-4817-a9aa-0cde14610033');
INSERT INTO comment_likes (id,user_id,comment_id) VALUES ('68abdc16-653f-44c9-b61e-11d417e9fed5','c73d0442-7281-423a-a835-67932639d586','34daa351-c046-40e0-a39e-1a13429d11f5');
INSERT INTO comment_likes (id,user_id,comment_id) VALUES ('80d6f50e-3897-49c2-894e-92bebc30dc84','0130a0a7-d0b4-42fe-b036-ec64aea86fe2','7747210f-7237-4ae0-a2d3-018145b7de30');
INSERT INTO comment_likes (id,user_id,comment_id) VALUES ('0f9baad5-4b0b-4b25-b82b-37fa5aee0d4e','8f6edc63-e5f2-49e3-8c7d-b1264c5876fb','2409c583-f317-48dd-af60-edbacc609448');
INSERT INTO comment_likes (id,user_id,comment_id) VALUES ('bced92d8-6036-4440-9cea-6071b4b34b96','14afe3aa-23f9-4308-80b0-caa824e522bb','7747210f-7237-4ae0-a2d3-018145b7de30');
INSERT INTO comment_likes (id,user_id,comment_id) VALUES ('2d4b805a-f2ef-4653-8a0b-79d700ba7051','79575547-6086-4685-9673-20378c709b86','080d7045-6249-4d8e-95f9-c410b5ba3919');
INSERT INTO comment_likes (id,user_id,comment_id) VALUES ('f5bfb0f9-b4b9-4895-9973-b58821faa8b6','c00f2323-2cf3-4c5f-9e94-6416f46a8021','9222ace4-362d-4347-8560-4fa8448c36a1');
INSERT INTO comment_likes (id,user_id,comment_id) VALUES ('e7f47519-ef8b-4827-948c-7fc731c9358f','6cca8602-a9e5-4e8c-b607-8ea96bf2a501','40f834d3-cc37-4ea8-b6eb-74a8bf4a6744');
INSERT INTO comment_likes (id,user_id,comment_id) VALUES ('ec85f4d0-ace1-42b4-824c-20fb2070fba8','fd178272-9790-4512-8144-8904126b747d','bfe58797-aa7a-4f2a-8e98-27aa6f3ace93');
INSERT INTO comment_likes (id,user_id,comment_id) VALUES ('1dcd5f35-6cec-4436-93be-6800921ff16c','1e091407-a001-4633-9aa6-8d802b4d277d','b5eb1e69-2474-4baf-8d95-4022465ecddc');
INSERT INTO comment_likes (id,user_id,comment_id) VALUES ('7cc96a5d-e0c6-4920-91a4-aac03509fe4b','74a3e3e9-af36-4878-b2fd-d9f4599047b7','d76d3c27-27e5-4faa-bc48-bb388de31693');
INSERT INTO comment_likes (id,user_id,comment_id) VALUES ('ebf2f110-e757-4214-8992-7434b307ded6','1e091407-a001-4633-9aa6-8d802b4d277d','1b350b52-eb6d-4340-888c-2839156a21cb');
INSERT INTO comment_likes (id,user_id,comment_id) VALUES ('086601be-0fd1-4b7b-ad77-5a9eb918b126','6cca8602-a9e5-4e8c-b607-8ea96bf2a501','b5eb1e69-2474-4baf-8d95-4022465ecddc');
INSERT INTO comment_likes (id,user_id,comment_id) VALUES ('85b6a478-4d10-4538-98bf-d89245eb418e','8f6edc63-e5f2-49e3-8c7d-b1264c5876fb','9f762129-61be-4caa-a7c5-cc2612df322e');
INSERT INTO comment_likes (id,user_id,comment_id) VALUES ('9946a28b-54a3-4d61-8551-5c93135b1a67','4cfd0691-8d9e-4932-aca0-a2f48ef5ff28','5ef6ba35-b792-42ee-829f-999d2fbc6a2c');
INSERT INTO comment_likes (id,user_id,comment_id) VALUES ('ac9254ee-b5f7-4c98-b88e-0344c3499268','07444b16-df5d-4b39-86d8-b8aaebe7ed4a','c96f8a01-423f-471e-95aa-87aa588f4ab3');
INSERT INTO comment_likes (id,user_id,comment_id) VALUES ('9a216b99-a68d-431a-adaa-5ce726444b97','f34f3462-72f6-4806-beed-4c1ee3097f67','43784006-978c-416e-bdc0-0ecad1d6961d');
INSERT INTO comment_likes (id,user_id,comment_id) VALUES ('e3d9b343-c077-45af-9fb2-afd47666ff74','79bd994f-29bb-463e-9cf0-0023d3a5d1a5','5763e672-a90f-4106-8500-86648dbb07af');
INSERT INTO comment_likes (id,user_id,comment_id) VALUES ('84a7ed80-06c1-4635-b8e2-a939514ed3cf','ae9123ae-7a6d-4f18-bf4b-791728588d2c','d0bad9fb-940f-4672-b51a-aa026e25e462');
INSERT INTO comment_likes (id,user_id,comment_id) VALUES ('894ffb8d-0bac-4d81-9547-5f12368312aa','8096896e-8483-4a6d-b4b9-0695cdee4512','b67a6bf8-b366-42c9-9b01-60217ffdcb6c');
INSERT INTO comment_likes (id,user_id,comment_id) VALUES ('ca6313cf-212d-489e-b47b-c2e75378be21','3acb1c3f-0cae-42df-82d7-4009c1c7354e','bfe58797-aa7a-4f2a-8e98-27aa6f3ace93');
INSERT INTO comment_likes (id,user_id,comment_id) VALUES ('73c2b275-8fa6-4409-8af8-eb70cf62fc38','51a3c11e-2911-4a6b-894b-e05c61590180','fb048829-ba35-4330-bd74-23a6f6e185b0');
INSERT INTO comment_likes (id,user_id,comment_id) VALUES ('010c3fd4-9d45-4095-81b8-587768b3c067','35802b18-5650-45ae-9960-2de3044abbcb','0acc0353-f7bf-4325-88ec-f6a1092ff311');
INSERT INTO comment_likes (id,user_id,comment_id) VALUES ('4270c699-d932-4625-b98f-3148c348ee11','14413deb-91f6-4119-b335-4f9b89b4a465','1b350b52-eb6d-4340-888c-2839156a21cb');
INSERT INTO comment_likes (id,user_id,comment_id) VALUES ('2c932dbf-26a0-4c48-9b04-3ef4e55c701e','0176e07e-adef-479e-9e18-1e0dd0b008ed','0ce367c0-96e1-47fa-bbe2-2438358f119f');
INSERT INTO comment_likes (id,user_id,comment_id) VALUES ('0d5edd52-09a4-4196-be7d-4455e4b71100','8eebc2df-dfc7-4efb-bea3-95201918c23d','5fe743d7-08bd-4646-9477-1f895b82bd21');
INSERT INTO comment_likes (id,user_id,comment_id) VALUES ('11c5efe8-6bfc-4cec-89e4-efbb5f94c724','9829ed68-1dce-437b-b46d-61e23a0ab3bb','56ee4c26-7041-43b8-b158-517108598e72');
INSERT INTO comment_likes (id,user_id,comment_id) VALUES ('1ce48508-a929-4d6b-960b-081626364eb4','4cfd0691-8d9e-4932-aca0-a2f48ef5ff28','d4dca67e-5e54-43a2-a230-6119e35c2d90');
INSERT INTO comment_likes (id,user_id,comment_id) VALUES ('d4e73a95-a245-4800-b8ed-a9d180e94361','bf7d2d30-5d6f-4981-8ef1-af7fc3b8e8b2','dfb40c67-0245-4913-b0a3-f93faed67574');
INSERT INTO comment_likes (id,user_id,comment_id) VALUES ('cd001b90-1381-49e4-a1ec-d19adff5edb0','f6602d7b-d257-47d3-be91-05f95e1909f9','e1f9b872-b4ac-43ba-810a-db0b14c1ceb8');
INSERT INTO comment_likes (id,user_id,comment_id) VALUES ('3574b0ab-d55e-40dc-87df-6e906c1da020','a3f6e9d0-04a0-46aa-ae05-49de3d8739c3','66515779-7f26-4dc1-b854-25f731a59afb');
INSERT INTO comment_likes (id,user_id,comment_id) VALUES ('c0372442-4f90-4c6b-bf92-96eb53a1608c','47ef8447-5f6a-4ac7-8956-d6a081b34138','bfe58797-aa7a-4f2a-8e98-27aa6f3ace93');
INSERT INTO comment_likes (id,user_id,comment_id) VALUES ('8948fb1d-212e-4503-aaa2-e70c05c4ac79','07444b16-df5d-4b39-86d8-b8aaebe7ed4a','e13e6678-41dc-4d8e-ae6f-e6946e20a6aa');
INSERT INTO comment_likes (id,user_id,comment_id) VALUES ('c4446090-9e7c-489a-b491-daed91c69b6e','01bc846e-95de-4a62-9eb8-f4346e4945b1','c2697eaf-b3d0-4731-851a-08efef6d2c22');
INSERT INTO comment_likes (id,user_id,comment_id) VALUES ('53fefe93-3d72-4fbb-a6fb-cc60302c6cab','14afe3aa-23f9-4308-80b0-caa824e522bb','3780b0c6-6e63-4cbe-8d14-ded3328c3cd3');

INSERT INTO replies (id,user_id,comment_id,message) VALUES ('b949248f-4e9e-4900-8f52-0f67928c5a02','0d74a50c-070a-452e-9a4e-42dec161540b','58ec8e28-d462-4b52-9542-53d74f532e6b','Weekly pack there badly.');
INSERT INTO replies (id,user_id,comment_id,message) VALUES ('1b8527e3-e198-4b64-9f3e-8b08d4ef403f','8aa49c75-9c45-41f0-b9ff-2f8230125c0c','ad939f9e-583b-4535-9ddc-5e5be1f38eb9','Instance string insufficient muster.');
INSERT INTO replies (id,user_id,comment_id,message) VALUES ('7b63910e-0ab4-4b86-8676-f15380779d2d','bf7d2d30-5d6f-4981-8ef1-af7fc3b8e8b2','d759f5f1-7290-490a-8e60-bb0781fc432e','All till out always.');
INSERT INTO replies (id,user_id,comment_id,message) VALUES ('5d5ee08a-64f8-4ca8-9dfb-33b57b44163a','604cdae0-9f05-4604-b06d-8c3ee15780c5','e1f9b872-b4ac-43ba-810a-db0b14c1ceb8','Must then estate example.');
INSERT INTO replies (id,user_id,comment_id,message) VALUES ('18a57e66-943d-43f2-9717-51302695d824','1f305e8e-bfdd-4b2b-857f-a38101c930ef','7a76b7d6-63e9-4700-8ba2-dccab98fcbcc','Lower its catalog it.');
INSERT INTO replies (id,user_id,comment_id,message) VALUES ('6ea7cb3e-02b2-4673-9380-10383a29b1db','cf7ee55d-daf7-48c8-8067-2e7e22a7caa7','d3833cdd-e3c1-42b3-90a2-61b016a72282','Tomorrow crew instance pencil.');
INSERT INTO replies (id,user_id,comment_id,message) VALUES ('9e46c925-d6d7-4b38-8732-c7f518a63a9b','0176e07e-adef-479e-9e18-1e0dd0b008ed','e13e6678-41dc-4d8e-ae6f-e6946e20a6aa','Out usually whom join.');
INSERT INTO replies (id,user_id,comment_id,message) VALUES ('aaeb0ad3-b71a-49af-b418-ba7e1d519565','c31fbd23-384f-4a69-adc8-15f1e36bc161','4f490d15-5f96-4eb6-be09-bacf393d5b27','Tenderly how daily as.');
INSERT INTO replies (id,user_id,comment_id,message) VALUES ('b4b5f9d6-5014-4cc3-93db-661e22490da6','3c0d77aa-c534-417c-8a5e-59ca07009586','fb048829-ba35-4330-bd74-23a6f6e185b0','So this fortnightly later.');
INSERT INTO replies (id,user_id,comment_id,message) VALUES ('891d0d9c-c3ce-4ef4-ae8d-f4c8f5a420ca','7d79bf22-0970-4afb-8948-f824ef7c74a9','9906ab26-d3d7-4651-aa7a-840534ffbdc8','Highly all point mustering.');
INSERT INTO replies (id,user_id,comment_id,message) VALUES ('4a82d2a8-06c4-41d5-95d5-298623cb390f','0130a0a7-d0b4-42fe-b036-ec64aea86fe2','0c9007bf-1b98-45bc-a6a2-ed51d528f368','Eye man what of.');
INSERT INTO replies (id,user_id,comment_id,message) VALUES ('2027df39-3f1a-40ce-a12d-ab20f6f04b99','c2e1e51a-d97e-4db0-a415-041f243a33b1','8c1bf365-5b52-4e44-a92b-4e2e674b459c','Secondly his by lately.');
INSERT INTO replies (id,user_id,comment_id,message) VALUES ('9f69c75e-f3a5-4e2c-baec-a9988d87d024','35802b18-5650-45ae-9960-2de3044abbcb','8e225c2c-37a0-4206-b7c7-46a4d0a5b71a','Yourself have it throw.');
INSERT INTO replies (id,user_id,comment_id,message) VALUES ('645a9bf6-cae3-4f28-94e5-8386debd01b4','14afe3aa-23f9-4308-80b0-caa824e522bb','80375d10-7f81-4771-9bd9-3bf9b862a190','Up whose on hmm.');
INSERT INTO replies (id,user_id,comment_id,message) VALUES ('25182f4b-430b-4f64-a151-0eeb08b0c763','01bc846e-95de-4a62-9eb8-f4346e4945b1','4b7ed258-f66f-4817-a9aa-0cde14610033','Lastly point do secondly.');
INSERT INTO replies (id,user_id,comment_id,message) VALUES ('0ecf2282-cabb-4cff-a251-f5c3688a660b','2b7223d3-ddd5-4096-b8b3-b058188b0b08','53e5fe1b-27ae-4be4-acc5-065c7bf2b770','Could library dive how.');
INSERT INTO replies (id,user_id,comment_id,message) VALUES ('a36a350b-4915-443a-a1bc-ebcfa34281a3','8aa49c75-9c45-41f0-b9ff-2f8230125c0c','5763e672-a90f-4106-8500-86648dbb07af','Him pair be conclude.');
INSERT INTO replies (id,user_id,comment_id,message) VALUES ('5a113b44-ae0e-489e-94e9-060522b573ed','f6602d7b-d257-47d3-be91-05f95e1909f9','294ea1a9-530d-4b73-9615-f1849671cd78','Dance here should reel.');
INSERT INTO replies (id,user_id,comment_id,message) VALUES ('d2f98ad4-1eb4-4639-bd14-80c8991bec7a','3338b1ac-ba38-4d21-983e-23187d6bb39f','7a76b7d6-63e9-4700-8ba2-dccab98fcbcc','Fish hardly was upon.');
INSERT INTO replies (id,user_id,comment_id,message) VALUES ('067739e8-0974-4b5a-b978-dfa4f8dc12db','06b72aa3-25bd-4871-a93c-4f7661d327d7','9906ab26-d3d7-4651-aa7a-840534ffbdc8','To that pack at.');
INSERT INTO replies (id,user_id,comment_id,message) VALUES ('87c6bd77-2881-4a67-8070-56e9f746e1e9','01bc846e-95de-4a62-9eb8-f4346e4945b1','87b9a532-51ad-4964-a6a5-49fa6414a7e9','Yours there theirs to.');
INSERT INTO replies (id,user_id,comment_id,message) VALUES ('a7fa6936-41ee-4f3e-abde-a841772e47f4','8a9323b2-dfcd-4688-8127-8ec76b8009dc','0ce367c0-96e1-47fa-bbe2-2438358f119f','Rarely toothbrush nevertheless those.');
INSERT INTO replies (id,user_id,comment_id,message) VALUES ('27bc471e-3e23-43ff-8e1b-2bba571a38ca','1f305e8e-bfdd-4b2b-857f-a38101c930ef','e930ee8b-acfa-4b38-a6b5-789989c5ad32','It accordingly theirs whale.');
INSERT INTO replies (id,user_id,comment_id,message) VALUES ('aa7a3529-0979-4daa-9a16-e6d0ac5ef001','9d43a9b4-f60a-497b-ad16-4ac0a642fe27','43784006-978c-416e-bdc0-0ecad1d6961d','What delay regularly now.');
INSERT INTO replies (id,user_id,comment_id,message) VALUES ('979ce604-9bcc-4f6d-9e65-a5f5bdd720c5','c31fbd23-384f-4a69-adc8-15f1e36bc161','9906ab26-d3d7-4651-aa7a-840534ffbdc8','Effect somebody including am.');
INSERT INTO replies (id,user_id,comment_id,message) VALUES ('9168b265-0e1e-4e0b-9862-0fb27d51aa89','e9319ef7-dd5d-4775-ac61-0557edd91e84','dc1e5511-25b9-4c25-a102-37ea3466646c','Those straightaway jump luxury.');
INSERT INTO replies (id,user_id,comment_id,message) VALUES ('33459d3a-0b1d-42d5-b288-d5056eafbc20','f6602d7b-d257-47d3-be91-05f95e1909f9','b7dc92da-a099-4168-abd5-277dad3c4b1d','Might boat filthy would.');
INSERT INTO replies (id,user_id,comment_id,message) VALUES ('9a23c55b-9589-41aa-8f54-e954d1dd3d9c','bc4b3809-2412-494c-b92a-027abd058fc4','0ce367c0-96e1-47fa-bbe2-2438358f119f','Sometimes generously fork most.');
INSERT INTO replies (id,user_id,comment_id,message) VALUES ('8b66bfb9-59e4-4eeb-b794-90c359538456','cf7ee55d-daf7-48c8-8067-2e7e22a7caa7','1b350b52-eb6d-4340-888c-2839156a21cb','Cello literature Pacific of.');
INSERT INTO replies (id,user_id,comment_id,message) VALUES ('a526253c-fac8-41de-83d7-ea3edfb48fa3','0130a0a7-d0b4-42fe-b036-ec64aea86fe2','5fe743d7-08bd-4646-9477-1f895b82bd21','Weekly those previously her.');
INSERT INTO replies (id,user_id,comment_id,message) VALUES ('ac810258-47cc-4586-9dc0-9df806a05364','87b474d2-0ac4-4fd3-9264-f54274f2aa82','bfe58797-aa7a-4f2a-8e98-27aa6f3ace93','It yay to always.');
INSERT INTO replies (id,user_id,comment_id,message) VALUES ('591837b5-8bbc-431d-a944-fa501593fbda','9e40a1b4-b987-4fd8-9449-010850bef5bc','ff17d7a6-6435-4b0f-bb0c-8c8a1ab7af5e','Scarcely their due most.');
INSERT INTO replies (id,user_id,comment_id,message) VALUES ('48528ae6-f0a4-48ae-907e-5fc98a680e2b','9218afb5-cd23-45d2-ae54-706580bd53ef','0c9007bf-1b98-45bc-a6a2-ed51d528f368','Lately everyone that firstly.');
INSERT INTO replies (id,user_id,comment_id,message) VALUES ('891b7162-b61b-4420-a150-7bc836bc423f','35802b18-5650-45ae-9960-2de3044abbcb','ff17d7a6-6435-4b0f-bb0c-8c8a1ab7af5e','Enthusiastic while your much.');
INSERT INTO replies (id,user_id,comment_id,message) VALUES ('92589ead-60f1-46f9-bb9e-68a1ee83e4e8','226e1d62-84ab-4b70-bcd1-ca308631b0d8','43784006-978c-416e-bdc0-0ecad1d6961d','Themselves together next watch.');
INSERT INTO replies (id,user_id,comment_id,message) VALUES ('74c61177-f59e-4586-b0d8-eeabfe641dea','3c0d77aa-c534-417c-8a5e-59ca07009586','0acc0353-f7bf-4325-88ec-f6a1092ff311','Rain us one Eastern.');
INSERT INTO replies (id,user_id,comment_id,message) VALUES ('05c91912-a0e3-498b-8b9d-15e207c7e1d7','2122271a-a4ee-4c45-ad90-5363bc73abe2','0acc0353-f7bf-4325-88ec-f6a1092ff311','Incredibly frequently though noise.');
INSERT INTO replies (id,user_id,comment_id,message) VALUES ('4d1e0b87-c4a4-4eb8-bc5d-41e5d49d5189','c2e1e51a-d97e-4db0-a415-041f243a33b1','c2697eaf-b3d0-4731-851a-08efef6d2c22','Wisdom thoroughly every whom.');
INSERT INTO replies (id,user_id,comment_id,message) VALUES ('6ed1c569-b36c-4d65-b792-e03c285187e9','0176e07e-adef-479e-9e18-1e0dd0b008ed','0ce367c0-96e1-47fa-bbe2-2438358f119f','In wow this me.');
INSERT INTO replies (id,user_id,comment_id,message) VALUES ('3f150e30-0d45-4507-abef-a08b684b2ddd','cf7ee55d-daf7-48c8-8067-2e7e22a7caa7','3911fb81-09eb-4bb2-ba47-829c17950e37','Many consequently his board.');
INSERT INTO replies (id,user_id,comment_id,message) VALUES ('10926ba9-0a33-424b-8388-46fbca3ff13c','1e091407-a001-4633-9aa6-8d802b4d277d','8e225c2c-37a0-4206-b7c7-46a4d0a5b71a','An whomever it them.');
INSERT INTO replies (id,user_id,comment_id,message) VALUES ('9445b483-0f53-4626-8ffd-da2ab4f67709','adf46ac5-51b3-46d6-9701-cbebd5a6c41a','40f834d3-cc37-4ea8-b6eb-74a8bf4a6744','For over besides which.');
INSERT INTO replies (id,user_id,comment_id,message) VALUES ('1bed738b-f108-4424-8326-f119121b0354','2b7223d3-ddd5-4096-b8b3-b058188b0b08','12643e32-1882-430d-bf49-f8029e441b46','Alas case yikes each.');
INSERT INTO replies (id,user_id,comment_id,message) VALUES ('6459fcd8-bc37-49e6-938f-1797b79a8ab2','25bd37d1-daf8-4cfb-8812-b51575582a11','ca0b5724-965e-4829-b14f-011a860a40b4','His firstly judge off.');
INSERT INTO replies (id,user_id,comment_id,message) VALUES ('0a76da5e-1641-4d22-a585-ae3a47babc45','07444b16-df5d-4b39-86d8-b8aaebe7ed4a','74b643ae-1817-420d-a19b-002ec461a6b0','Vest for quarterly virtually.');
INSERT INTO replies (id,user_id,comment_id,message) VALUES ('b5627bcb-d1d9-4b6b-8c52-c55639aefdaa','365c696a-9d55-4f2b-acf4-a4d99c8031df','d3833cdd-e3c1-42b3-90a2-61b016a72282','Do couple stream nest.');
INSERT INTO replies (id,user_id,comment_id,message) VALUES ('f8027a5b-ea9c-49cd-ae9f-b5684b55f2cc','c00f2323-2cf3-4c5f-9e94-6416f46a8021','e10595c6-2dfa-4e4d-aa68-c7c6ef10c6cf','Super everybody baby giraffe.');
INSERT INTO replies (id,user_id,comment_id,message) VALUES ('4ffbd552-e263-449a-8e5f-87586bdaae0b','8aa49c75-9c45-41f0-b9ff-2f8230125c0c','4cb5c4a5-ca55-40db-aae7-60e848e8047b','Here most punch scarcely.');
INSERT INTO replies (id,user_id,comment_id,message) VALUES ('43629fa3-6186-47b0-83e1-0c2af0e8ef5d','d84384de-d807-4365-a894-d8101753e266','b5c9b243-0ae5-4f6b-a909-a40f2c44b030','In this according basket.');
INSERT INTO replies (id,user_id,comment_id,message) VALUES ('824130a2-338e-40c7-854c-6222c43f41a5','d84384de-d807-4365-a894-d8101753e266','1a568f76-4b60-4ada-9b4f-ac4ca59f6870','Yesterday entirely them where.');
INSERT INTO replies (id,user_id,comment_id,message) VALUES ('375dbc8a-e02b-481f-98c5-6a8aeb888991','f165c02c-4ef9-46a7-af22-8bd6d949c38e','7ff992ff-8215-4e56-8cbd-c9453fe9a99a','Sore lighten down who.');
INSERT INTO replies (id,user_id,comment_id,message) VALUES ('90996071-6f71-4f23-ba23-e121730d63bd','11395919-5d92-4053-8a5f-2529d521e660','98c1d2d1-f183-4e66-a42d-35f416242756','Were next doubtfully Ecuadorian.');
INSERT INTO replies (id,user_id,comment_id,message) VALUES ('d027f3d9-24b4-4fd5-8455-29ced4b5da4d','a04ecd53-7644-49ff-b00c-8b0868a19d05','cadb054e-4e1d-4267-91e5-f1d227a6f0a2','Alas person these advantage.');
INSERT INTO replies (id,user_id,comment_id,message) VALUES ('b1c9a739-b2dd-490e-a168-05193c3707cb','a74e8fe8-9b7f-4cbb-abd2-806af7316668','c2697eaf-b3d0-4731-851a-08efef6d2c22','Some his himself hmm.');
INSERT INTO replies (id,user_id,comment_id,message) VALUES ('f982cc1f-5337-4447-bc12-ab4c113745e1','fd178272-9790-4512-8144-8904126b747d','4f076dd0-cf06-4e0d-af35-7f080c21c080','His that case talk.');
INSERT INTO replies (id,user_id,comment_id,message) VALUES ('e8a939d7-8099-416f-bc4e-2dc7f076d936','c31fbd23-384f-4a69-adc8-15f1e36bc161','34daa351-c046-40e0-a39e-1a13429d11f5','From had tasty ever.');
INSERT INTO replies (id,user_id,comment_id,message) VALUES ('8affe281-f366-4b3d-bedf-b53693b41cd6','25bd37d1-daf8-4cfb-8812-b51575582a11','26aa8e1e-7aba-4404-ad49-611e4d00ccf9','So some where they.');
INSERT INTO replies (id,user_id,comment_id,message) VALUES ('30fdd67f-7114-47d5-a854-a6bbe64a13d2','2b86c6f3-b58a-4bef-9e4e-d26395142779','2e550fca-e7ff-4639-a4c1-322aaf97e382','Those panic they you.');
INSERT INTO replies (id,user_id,comment_id,message) VALUES ('03b12e69-3566-4b0a-aff2-9833e4cd9bc3','6cca8602-a9e5-4e8c-b607-8ea96bf2a501','12643e32-1882-430d-bf49-f8029e441b46','My just several itself.');
INSERT INTO replies (id,user_id,comment_id,message) VALUES ('3a3db9d8-198a-4443-8aa1-1e3b110fc762','4bd5da30-9f84-4740-85ec-4cf28d5d390e','d76d3c27-27e5-4faa-bc48-bb388de31693','Library these whomever whenever.');
INSERT INTO replies (id,user_id,comment_id,message) VALUES ('00e1d044-f9f7-4fce-b01f-80dc1237e0e0','7d639d96-1332-4536-884a-9e3338f8b968','9906ab26-d3d7-4651-aa7a-840534ffbdc8','Before hurry hey now.');
INSERT INTO replies (id,user_id,comment_id,message) VALUES ('4b784d54-461a-433b-a304-4cc3ad82647d','ae9123ae-7a6d-4f18-bf4b-791728588d2c','e1f9b872-b4ac-43ba-810a-db0b14c1ceb8','Nothing this these contrast.');
INSERT INTO replies (id,user_id,comment_id,message) VALUES ('6922233a-1aa2-4872-aa64-243b9fcd7b2c','74a3e3e9-af36-4878-b2fd-d9f4599047b7','0acc0353-f7bf-4325-88ec-f6a1092ff311','Afghan to anyone ourselves.');
INSERT INTO replies (id,user_id,comment_id,message) VALUES ('a1e1a4e4-ebd7-4af0-9a09-fae6a247c733','47ef8447-5f6a-4ac7-8956-d6a081b34138','577eb37f-07af-43e2-8f9d-a2eb7e93ff06','Something can these has.');
INSERT INTO replies (id,user_id,comment_id,message) VALUES ('ab044bf7-a5f1-4520-84b9-bf28b678b134','c2e1e51a-d97e-4db0-a415-041f243a33b1','bfe58797-aa7a-4f2a-8e98-27aa6f3ace93','Might yesterday nevertheless inside.');
INSERT INTO replies (id,user_id,comment_id,message) VALUES ('df96d4f5-1b24-4dee-8a46-0abe326ed79f','409884ab-d588-449b-9371-f239c9b98977','3780b0c6-6e63-4cbe-8d14-ded3328c3cd3','As this snowman besides.');
INSERT INTO replies (id,user_id,comment_id,message) VALUES ('999c120f-229b-4969-a6c9-3064f5580d23','e9319ef7-dd5d-4775-ac61-0557edd91e84','d4dca67e-5e54-43a2-a230-6119e35c2d90','Timing whomever work do.');
INSERT INTO replies (id,user_id,comment_id,message) VALUES ('2d108bbb-977f-4865-86af-2134fa7e0112','f165c02c-4ef9-46a7-af22-8bd6d949c38e','f29e7043-f40b-4ce3-a87f-1baecbbfef3e','Music Portuguese my it.');
INSERT INTO replies (id,user_id,comment_id,message) VALUES ('dc094d56-d3b8-4c47-beca-8b410d1ee131','817e006f-8b9e-4a1b-a132-d37b64cf3192','81afcd5b-4423-4900-8413-5b582afcb814','Shampoo first daily so.');
INSERT INTO replies (id,user_id,comment_id,message) VALUES ('33eb803f-b401-4850-97b5-6d9173aeb401','14afe3aa-23f9-4308-80b0-caa824e522bb','080d7045-6249-4d8e-95f9-c410b5ba3919','Of Sammarinese far energetic.');
INSERT INTO replies (id,user_id,comment_id,message) VALUES ('3193d26c-bf5e-430d-a21f-abccfd9a7593','f44d3c05-5b3c-45ae-b968-98adaa86bf67','d3833cdd-e3c1-42b3-90a2-61b016a72282','Its can their insufficient.');
INSERT INTO replies (id,user_id,comment_id,message) VALUES ('959d691d-0f5e-4392-a8bb-79981a05c145','25bd37d1-daf8-4cfb-8812-b51575582a11','d759f5f1-7290-490a-8e60-bb0781fc432e','Beneath Sri-Lankan yet place.');
INSERT INTO replies (id,user_id,comment_id,message) VALUES ('cbf2f4b4-15c3-4177-9510-ce86e46d3256','14afe3aa-23f9-4308-80b0-caa824e522bb','3d8c4220-b82b-4378-8a17-5354cab78e39','That which an while.');
INSERT INTO replies (id,user_id,comment_id,message) VALUES ('702aeddc-e77d-4f34-a30c-b340531ec49e','c7d8a4d9-ab23-4294-bf72-d42707a72858','7747210f-7237-4ae0-a2d3-018145b7de30','Yikes barely repeatedly could.');
INSERT INTO replies (id,user_id,comment_id,message) VALUES ('e07a3420-a2c6-405c-9471-50b51f76ca9f','817e006f-8b9e-4a1b-a132-d37b64cf3192','d0bad9fb-940f-4672-b51a-aa026e25e462','Madagascan far soak of.');
INSERT INTO replies (id,user_id,comment_id,message) VALUES ('33421d15-a7ba-4af2-aa9d-5f9c0be6da9f','9d43a9b4-f60a-497b-ad16-4ac0a642fe27','684e2287-a102-4992-a8e4-3b72c2e21ac6','Handle east why forest.');
INSERT INTO replies (id,user_id,comment_id,message) VALUES ('638263a0-d94f-450a-8072-96362fe421b7','74a3e3e9-af36-4878-b2fd-d9f4599047b7','81afcd5b-4423-4900-8413-5b582afcb814','Under through movement regularly.');
INSERT INTO replies (id,user_id,comment_id,message) VALUES ('e23184eb-f61f-4e52-a973-b24eb1d60430','c73d0442-7281-423a-a835-67932639d586','dc1e5511-25b9-4c25-a102-37ea3466646c','There your bevy yikes.');
INSERT INTO replies (id,user_id,comment_id,message) VALUES ('d20bfbbc-629c-4bd4-8969-edbe5ad117f8','54aadc77-19b0-4ffb-bfa2-972ca8a4db3b','dfb40c67-0245-4913-b0a3-f93faed67574','Little out life in.');
INSERT INTO replies (id,user_id,comment_id,message) VALUES ('ef101c5b-a80a-4e85-991d-ed5642e450e4','87b474d2-0ac4-4fd3-9264-f54274f2aa82','d76d3c27-27e5-4faa-bc48-bb388de31693','Doubtfully me host weekly.');
INSERT INTO replies (id,user_id,comment_id,message) VALUES ('fbd0c4a7-a65c-4b55-9dce-79286f0692f4','8096896e-8483-4a6d-b4b9-0695cdee4512','3d8c4220-b82b-4378-8a17-5354cab78e39','To wash hundred because.');
INSERT INTO replies (id,user_id,comment_id,message) VALUES ('a4f09399-2e69-4b16-b92f-d736c954a557','c7d8a4d9-ab23-4294-bf72-d42707a72858','81afcd5b-4423-4900-8413-5b582afcb814','First where wow she.');
INSERT INTO replies (id,user_id,comment_id,message) VALUES ('825b0e13-0066-4436-83ad-f0ee9d185333','bae27480-6d20-4a62-8742-91317d339ec9','d4dca67e-5e54-43a2-a230-6119e35c2d90','Fast my its it.');
INSERT INTO replies (id,user_id,comment_id,message) VALUES ('a6b7687a-ce1b-428a-9e50-5944e300bcd9','fd635991-9ac0-458d-9ead-90d3a82b7382','59c74f51-7fd5-46ce-9540-8154436e359a','Out numerous in mine.');
INSERT INTO replies (id,user_id,comment_id,message) VALUES ('461f0f0b-ad13-42f3-ac53-0fd97e35d080','2b86c6f3-b58a-4bef-9e4e-d26395142779','81afcd5b-4423-4900-8413-5b582afcb814','This how hmm of.');
INSERT INTO replies (id,user_id,comment_id,message) VALUES ('52ebad15-333b-465b-ac8d-be9692345aff','a04ecd53-7644-49ff-b00c-8b0868a19d05','4b7ed258-f66f-4817-a9aa-0cde14610033','Joy then then whose.');
INSERT INTO replies (id,user_id,comment_id,message) VALUES ('5413689e-ad27-4011-a0f4-ccfea5576499','c7d8a4d9-ab23-4294-bf72-d42707a72858','2b977503-cd3f-45dd-8214-7ece8720c52b','Yourselves choker sometimes it.');
INSERT INTO replies (id,user_id,comment_id,message) VALUES ('29daa77b-042b-4e56-bc9e-1d30ae44cfa6','604cdae0-9f05-4604-b06d-8c3ee15780c5','d0bad9fb-940f-4672-b51a-aa026e25e462','Lamp litter belong pagoda.');
INSERT INTO replies (id,user_id,comment_id,message) VALUES ('3063a3e5-d89e-4a75-9fa8-7ddf0f6a6327','07444b16-df5d-4b39-86d8-b8aaebe7ed4a','12e7721e-8860-4110-85ce-87512655603b','Does indeed as intelligence.');
INSERT INTO replies (id,user_id,comment_id,message) VALUES ('df8cd8e0-e07c-4fa4-9df8-37484a09b5b2','07444b16-df5d-4b39-86d8-b8aaebe7ed4a','a0ca01dd-3839-48f5-9c48-f9e4707a7e89','Logic lots when her.');
INSERT INTO replies (id,user_id,comment_id,message) VALUES ('d6c57fca-d367-4ace-aa91-038805d80f30','fb39f665-1194-46dc-9b73-2f1a25315769','dc1e5511-25b9-4c25-a102-37ea3466646c','Secondly as to tie.');
INSERT INTO replies (id,user_id,comment_id,message) VALUES ('2069b86f-b1cc-4e27-9f15-23845dd2fc90','14afe3aa-23f9-4308-80b0-caa824e522bb','53e5fe1b-27ae-4be4-acc5-065c7bf2b770','Yesterday that fly whom.');
INSERT INTO replies (id,user_id,comment_id,message) VALUES ('0e25d10a-695c-45bf-8a26-fe96ed71639a','3acb1c3f-0cae-42df-82d7-4009c1c7354e','080d7045-6249-4d8e-95f9-c410b5ba3919','Between formerly practically heavily.');
INSERT INTO replies (id,user_id,comment_id,message) VALUES ('f16dfef7-2d7e-4c0e-8c82-76c1483204e9','87b474d2-0ac4-4fd3-9264-f54274f2aa82','411ab893-a157-46a5-8a35-dc867b476bc9','Several class fortnightly yet.');
INSERT INTO replies (id,user_id,comment_id,message) VALUES ('01bde0f5-95ef-4109-b7ac-1502df531e2c','9d43a9b4-f60a-497b-ad16-4ac0a642fe27','e1f9b872-b4ac-43ba-810a-db0b14c1ceb8','Divorce then it your.');
INSERT INTO replies (id,user_id,comment_id,message) VALUES ('561fd9ba-ff8a-4d8d-a420-a620ac099e47','4810d8f5-3378-4410-ad9f-a71c926de949','ff17d7a6-6435-4b0f-bb0c-8c8a1ab7af5e','Joy gee one theirs.');
INSERT INTO replies (id,user_id,comment_id,message) VALUES ('7a17c883-ce5f-4f4c-b202-533b8d58f10c','11395919-5d92-4053-8a5f-2529d521e660','b7d33714-f5f0-4282-bae9-16f4ae9bab73','Bunch yell will enable.');
INSERT INTO replies (id,user_id,comment_id,message) VALUES ('bc74b038-3fc2-4930-b6c3-ed7be9f38a9d','2e66d94e-49d7-4d9d-9edb-f1e3270bd972','cd9bd59c-7f0f-4ff5-a249-a22467391db6','Those dream ever there.');
INSERT INTO replies (id,user_id,comment_id,message) VALUES ('74cf0a7c-47f6-4ac5-b4db-35bebff2b7c1','1f305e8e-bfdd-4b2b-857f-a38101c930ef','a0ca01dd-3839-48f5-9c48-f9e4707a7e89','Another must whom there.');
INSERT INTO replies (id,user_id,comment_id,message) VALUES ('95531d15-08d2-45bb-81f7-7b9c30aa234f','11395919-5d92-4053-8a5f-2529d521e660','b5eb1e69-2474-4baf-8d95-4022465ecddc','That in her then.');

COMMIT;
